영문명(추가),성명,제목,저자수,게재면,역할,val_title,val_pages,val_rank
Dongjae Kim,김동재,Employment of gold-coated silver nanowires as transparent conductive electrode for organic light emitting diodes,9,345201,공동저자,valid,valid,valid
Dongjae Kim,김동재,Healing of Microdefects in SSZ-13 Membranes via Filling with Dye Molecules and Its Effect on Dry and Wet CO2 Separations,9,3346-3358,공동저자,valid,valid,valid
Dongjae Kim,김동재,Systematic analysis for electrical conductivity of network of conducting rods by Kirchhoff's laws and block matrices,2,215104,제1저자,valid,valid,valid
Dongjae Kim,김동재,Quantitative elucidation of the elusive role of defects in polycrystalline MFI zeolite membranes on xylene separation performance,7,91-103,제1저자,valid,valid,invalid
Dongjae Kim,김동재,Chabazite-Type Zeolite Membranes for Effective CO2 Separation: The Role of Hydrophobicity and Defect Structure,11,3946-3960,공동저자,valid,valid,valid
Dongjae Kim,김동재,Image Segmentation for FIB-SEM Serial Sectioning of a Si/C?Graphite Composite Anode Microstructure Based on Preprocessing and Global Thresholding,7,1139-1154,제1저자,valid,valid,valid
Dongjae Kim,김동재,Electrical Conductivity Analysis for Networks of Conducting Rods Using a Block Matrix Approach: A Case Study under Junction Resistance Dominant Assump,2,986-996,제1저자,unknown--,unknown--,unknown--
Dongjae Kim,김동재,Method of analysing images of rod-like particles,2,US 2017/0140522 A1,공동,invalid (0.27),invalid,invalid
Dongjae Kim,김동재,엔트로피 기초 영상 분할 방법,2,1017570710000,공동,unknown--,unknown--,unknown--
Dongjae Kim,김동재,입자 배열 획득 방법 및 입자 배열 획득 장치,2,1019230340000,공동,unknown--,unknown--,unknown--
Soonho Hwangbo,황보순호,Mathematical model to optimize design of integrated utility supply network and future global hydrogen supply network under demand uncertainty,3,257-267,제1저자,valid,valid,valid
Soonho Hwangbo,황보순호,Optimal network design of hydrogen production by integrated utility and biogas supply networks,3,195-209,제1저자,valid,valid,valid
Soonho Hwangbo,황보순호,Network modeling of future hydrogen production by combining conventional steam methane reforming and a cascade of waste biogas treatment processes und,3,316-333,제1저자,unknown--,unknown--,unknown--
Soonho Hwangbo,황보순호,Integrated hydrogen supply networks for waste biogas upgrading and hybrid carbon-hydrogen pinch analysis under hydrogen demand uncertainty,5,386-397,제1저자,valid,valid,valid
Soonho Hwangbo,황보순호,Optimal Management of a Hybrid Renewable Energy System Coupled with a Membrane Bioreactor Using Enviro-Economic and Power Pinch Analyses for Sustainab,7,66,교신저자,unknown--,unknown--,unknown--
Soonho Hwangbo,황보순호,Hydrogen-based self-sustaining integrated renewable electricity network (HySIREN) using a supply-demand forecasting model and deep-learning algorithms,4,353-367,제1저자,valid,valid,valid
Soonho Hwangbo,황보순호,Sustainable and reliable design of reverse osmosis desalination with hybrid renewable energy systems through supply chain forecasting using recurrent,6,277-292,교신저자,valid,valid,invalid
Soonho Hwangbo,황보순호,Transitioning of localized renewable energy system towards sustainable hydrogen development planning: P-graph approach,5,114635,교신저자,valid,valid,invalid
Soonho Hwangbo,황보순호,A deep learning-based forecasting model for renewable energy scenarios to guide sustainable energy policy: A case study of Korea,3,109725,제1저자,valid,valid,invalid
Soonho Hwangbo,황보순호,Development of an integrated network for waste-to-energy and central utility systems considering air pollutant emissions pinch analysis,4,119746,제1저자,valid,valid,valid
Yongjin Lee,이용진,Molecular Dynamics Investigation of Thermal Conductivity of Ternary Silicon-Germanium-Tin Alloys,2,"50, 494001",제1저자,valid,invalid,valid
Yongjin Lee,이용진,High-throughput screening approach for nanoporous materials genome using topological data analysis: application to zeolites,6,"14, 4427",제1저자,valid,invalid,valid
Yongjin Lee,이용진,Generating carbon schwarzites via zeolite-templating”,8,"115, E8116",공동저자,valid,invalid,valid
Yongjin Lee,이용진,Understanding adsorption behavior of periodic mesoporous organosilica having heterogeneous chemical environment: selective coverage and interpenetrati,6,"123, 24884",제1저자,unknown--,unknown--,unknown--
Yongjin Lee,이용진,Machine Learning Prediction of Structural and Performance Properties of Nanoporous Materials,5,"59, 4636",교신저자,invalid (0.69),invalid,valid
Yongjin Lee,이용진,General Way to Construct Micro- and Mesoporous Metal-Organic Framework-Based Porous Liquids,7,"141, 19708",교신저자,valid,valid,valid
Yongjin Lee,이용진,Strong Thermal Conductivity Dependence on Arsenic-Vacancy Complex Formation in Arsenic-doped Silicon,2,"126, 195104",제1저자,valid,invalid,valid
Yongjin Lee,이용진,Machine Learning Enabled Tailor-Made Design of Application-Specific Metal Organic Frameworks,3,12734,교신저자,valid,invalid,valid
Yongjin Lee,이용진,Tuning Metal-Organic Framework Nanocrystal Shape through Facet-Dependent Coordination,9,"20, 1774",교신저자,valid,invalid,invalid
Yongjin Lee,이용진,A Computational Study to Design Zeolite-Templated Carbon Materials with High Performance for CO2/N2 Separation,4,"295, 109947",교신저자,valid,invalid,valid
Lee Suh-Young,이서영,Hypothetical daily operation model of fuel cycle in tritium plant,6,21-25,제1저자,valid,valid,valid
Lee Suh-Young,이서영,Optimal scheduling model to minimize tritium inventory level in fuel cycle of tritium plant,6,747-751,제1저자,valid,valid,valid
Lee Suh-Young,이서영,Optimal pump regeneration model for fuel cycle of ITER,7,2251-2254,제1저자,valid,valid,valid
Lee Suh-Young,이서영,Dynamic Modeling and Simulation of the Fuel Delivery Process Under Time-Varying Tokamak Fuel Demand,7,1046-1052,공동저자,valid,valid,valid
Lee Suh-Young,이서영,"Design under uncertainty of carbon capture, utilization and storage infrastructure considering profit, environmental impact, and risk preference",3,34-44,제1저자,valid,valid,valid
Lee Suh-Young,이서영,Mathematical Modeling and Simulation of Carbon Monoxide Absorption Column for Blast Furnace Gas and Linz-Donawitz Gas Separation by COSORB Process,4,439-446,교신저자,valid,valid,valid
Lee Suh-Young,이서영,Study of Alternative Reactor-Separator Network in Bunsen Process of Sulfur-Iodine Cycle for Hydrogen Production,3,638-349,공동저자,valid,invalid,valid
Lee Suh-Young,이서영,Mathematical modelling to minimize tritium inventory of the fuel cycle of ITER,7,351-357,제1저자,valid,valid,valid
Lee Suh-Young,이서영,"Optimal design under uncertainty of carbon capture, utilization, and sequestration network considering benefit, environmental impact, and preference o",3,1585-1590,제1저자,unknown--,unknown--,unknown--
Young Ki Lee,이영기,A novel lattice Boltzmann method for the dynamics of rigid particles suspended in a viscoelastic medium,2,75-84,제1저자,valid,valid,valid
Young Ki Lee,이영기,Deposition of sticky spheres in channel flow: Modeling of surface coverage evolution requires accurate sphere-sphere collision hydrodynamics,5,383-393,제1저자,valid,valid,valid
Young Ki Lee,이영기,Particle dynamics at fluid interfaces studied by the color gradient lattice Boltzmann method coupled with the smoothed profile method,2,53302,제1저자,valid,valid,valid
Pil Rip Jeon,전필립,Upgrading of petroleum vacuum residue using a hydrogen-donor solvent with acid-treated carbon,4,234-242,공동저자,valid,valid,valid
Pil Rip Jeon,전필립,Dissolution and reaction in a CO2-brine-clay mineral particle system under geological CO2 sequestration from subcritical to supercritical conditions,3,1-11,제1저자,valid,valid,valid
Pil Rip Jeon,전필립,Continuous bubble reactor using carbon dioxide and its mixtures for ballast water treatment,6,316-326,공동저자,valid,valid,valid
Pil Rip Jeon,전필립,Effect of surfactants on CO2 solubility and reaction in CO2-brine-clay mineral systems during CO2-enhanced fossil fuel recovery,2,1-11,제1저자,valid,invalid,valid
Pil Rip Jeon,전필립,Apparatus and method for treating ballast water,7,10266432,공동,unknown--,unknown--,unknown--
Pil Rip Jeon,전필립,Thermodynamics of CO2 Adsorption and CO2-Brine-Porous Mineral Reaction at Elevated Pressure for Simultaneous CO2 Sequestration and Fossil Fuel Product,1,1-170,,unknown--,unknown--,unknown--
Yoon Kyeung Lee,이윤경,Room Temperature Electrochemical Sintering of Zn Microparticles and Its Use in Printable Conducting Inks for Bioresorbable Electronics,6,1702665,제1저자,valid,valid,valid
Yoon Kyeung Lee,이윤경,Dissolution of Monocrystalline Silicon Nanomembranes and Their Use as Encapsulation Layers and Electrical Interfaces in Water-soluble Electronics,21,12562,제1저자,valid,invalid,valid
Yoon Kyeung Lee,이윤경,"Kinetics and Chemistry of Hydrolysis of Ultrathin, Thermally Grown Layers of Silicon Oxide as Biofluid Barriers in Flexible Electronic Systems",10,42633,제1저자,valid,invalid,valid
Yoon Kyeung Lee,이윤경,Chemical Interactions in Atomic Layer Deposition of Ge-Sb-Se-Te Films and Their Ovonic Threshold Switching Behavior,6,5025,교신저자,valid,invalid,valid
Yoon Kyeung Lee,이윤경,Atomic Layer Deposition of GeSe Films Using HGeCl3 and [(CH3)3Si]2Se with the Discrete Feeding Method for the Ovonic Threshold Switch,10,9574484,교신저자,valid,invalid,invalid
Yoon Kyeung Lee,이윤경,Electroforming-free Bipolar Resistive Switching in GeSe Thin Films with a Ti-containing Electrode,9,19448244,교신저자,valid,invalid,valid
Yoon Kyeung Lee,이윤경,"Developing Precursor Chemistry for Atomic Layer Deposition of High Density, Conformal GeTe Films for Phase Change Memory",7,8974756,교신저자,valid,invalid,valid
Yoon Kyeung Lee,이윤경,Atomic Layer Deposition of Nanocrystalline-as-Deposited (GeTe)x(Sb2Te3)1-x Films for Endurable Phase Change Memory,8,8752,교신저자,valid,invalid,valid
Yoon Kyeung Lee,이윤경,Defect Engineered Electroforming-Free Analog HfO2 Memristor and Its Application to the Neural Network,9,19448244,공동저자,valid,invalid,valid
Yoon Kyeung Lee,이윤경,Atomic Layer Deposition of GexSe1-x Thin Film for Endurable Ovonic Threshold Selector with Low Threshold Voltage,7,23110,교신저자,valid,invalid,valid
Sunghwan Jin,진성환,Orientation-Dependent Strain Relaxation and Chemical Functionalization of Graphene on a Cu(111) Foil,8,1706504,공동저자,valid,valid,valid
Sunghwan Jin,진성환,Highly Oriented Monolayer Graphene Grown on a Cu/Ni(111) Alloy Foil,19,6117-6127,공동저자,valid,valid,valid
Sunghwan Jin,진성환,Camphor-Enabled Transfer and Mechanical Testing of Centimeter-Scale Ultrathin Films,12,180888,공동저자,valid,invalid,valid
Sunghwan Jin,진성환,Colossal grain growth yields single crystal metal foils by contact-free annealing,22,1021-1025,제1저자,valid,valid,valid
Sunghwan Jin,진성환,Preparation and uses of large area single crystal metal foils,2,100905,교신저자,valid,valid,invalid
Sunghwan Jin,진성환,Charge Transfer during the Dissociation of H2 and the Charge State of H atoms in Liquid Gallium,7,26769?26776,공동저자,valid,invalid,valid
Sunghwan Jin,진성환,Chemically induced transformation of chemical vapour deposition grown bilayer graphene into fluorinated single-layer diamond,15,59-66,공동저자,valid,valid,valid
Sunghwan Jin,진성환,Synthesis of Highly Oriented Graphite Films with a Low Wrinkle Density and Near-Millimeter Scale Lateral Grains,10,3134-3143,공동저자,valid,invalid,valid
Sunghwan Jin,진성환,Large area single crystal AB-bilayer and ABA-trilayer graphene grown on a Cu/Ni(111) foil,17,289-295,공동저자,valid,valid,valid
Sunghwan Jin,진성환,"나노 복합체, 이를 포함하는 유연 및 신축성 복합체 및 이들의 제조방법",4,10-1774646,공동,unknown--,unknown--,unknown--
Gun-hee Moon,문건희,Ultra-efficient and durable photoelectrochemical water oxidation using elaborately designed hematite nanorod arrays,4,211-218,공동저자,valid,valid,valid
Gun-hee Moon,문건희,Synergistic combination of bandgap-modified carbon nitride and WO3 for visible light-induced oxidation of arsenite accelerated by in-situ Fenton react,6,819-824,교신저자,unknown--,unknown--,unknown--
Gun-hee Moon,문건희,Selective charge transfer to dioxygen on KPF6-modified carbon nitride for photocatalytic synthesis of H2O2 under visible light,7,51-58,제1저자,valid,valid,invalid
Gun-hee Moon,문건희,Structural engineering of 3D carbon materials from transition metal ion-exchanged Y zeolite templates,3,3779-3788,제1저자,valid,valid,valid
Gun-hee Moon,문건희,Oxalate-TiO2 complex-mediated oxidation of pharmaceutical pollutants through ligand-to-metal charge transfer under visible light,4,689-698,공동저자,valid,valid,valid
Gun-hee Moon,문건희,Oxidation of organic pollutants by persulfate activated with low-temperature-modified nanodiamonds: Understanding the reaction kinetics and mechanism,7,432-441,제1저자,valid,valid,invalid
Gun-hee Moon,문건희,Highly active cobalt-based electrocatalysts with facile incorporation of dopants for oxygen evolution reaction,4,3529-3533,제1저자,valid,invalid,valid
Gun-hee Moon,문건희,Minireview: Selective production of hydrogen peroxide as a clean oxidant over structurally tailored carbon nitride photocatalysts,4,55-64,교신저자,valid,valid,valid
Gun-hee Moon,문건희,Spontaneous oxidation of arsenite on platinized TiO2 through activating molecular oxygen under ambient aqueous condition,5,118146,제1저자,valid,valid,invalid
Gun-hee Moon,문건희,Ag(I) ions working as a hole-transfer mediator in photoelectrocatalytic water oxidation on WO3 film,8,967,공동저자,valid,valid,valid
Taehoon Kim,김태훈,Transition metal speciation as a degradation mechanism with the formation of a solid-electrolyte interphase (SEI) in Ni-rich transition metal oxide ca,5,14449-14463,제1저자,unknown--,unknown--,unknown--
Taehoon Kim,김태훈,Stacked-graphene layers as engineered solid-electrolyte interphase (SEI) grown by chemical vapour deposition for lithium-ion batteries,4,678-690,제1저자,valid,valid,valid
Taehoon Kim,김태훈,“Heat Wave” of Metal Halide Perovskite Solar Cells Continues in Phoenix,5,1898?1903,공동저자,valid,invalid,valid
Taehoon Kim,김태훈,Gas-solid reaction based over one-micrometer thick stable perovskite films for efficient solar cells and modules,11,2041-1723,공동저자,valid,invalid,valid
Taehoon Kim,김태훈,Negligible-Pb-Waste and Upscalable Perovskite Deposition Technology for High-Operational-Stability Perovskite Solar Modules,15,1803047,공동저자,valid,valid,valid
Taehoon Kim,김태훈,Hybrid chemical vapor deposition enables scalable and stable Cs-FA mixed cation perovskite solar modules with a designated area of 91.8 cm2 approachin,10,6920-6929,공동저자,unknown--,unknown--,unknown--
Taehoon Kim,김태훈,"Lithium-ion batteries: outlook on present, future, and hybridized technologies",5,2942-2964,제1저자,valid,valid,valid
Taehoon Kim,김태훈,Elucidating the Mechanism Involved in the Performance Improvement of Lithium-Ion Transition Metal Oxide Battery by Conducting Polymer,3,1801785,제1저자,valid,valid,valid
Tae Yun Kim,김태윤,Rewritable ghost floating gates by tunnelling triboelectrification for two-dimensional electronics,9,15891,제1저자,valid,valid,invalid
Tae Yun Kim,김태윤,Reliable Piezoelectricity in Bilayer WSe2 for Piezoelectric Nanogenerators,15,1606667,공동저자,valid,valid,valid
Tae Yun Kim,김태윤,High-Performance Triboelectric Nanogenerators Based on Solid Polymer Electrolytes with Asymmetric Pairing of Ions,8,1700289,공동저자,valid,valid,valid
Tae Yun Kim,김태윤,High-performance piezoelectric nanogenerators based on chemically-reinforced composites,6,1345-1642,공동저자,valid,invalid,valid
Tae Yun Kim,김태윤,Application of ferroelectric materials for improving output power of energy harvesters,3,30,제1저자,valid,valid,valid
Tae Yun Kim,김태윤,Cylindrical Free-Standing Mode Triboelectric Generator for Suspension System in Vehicle,5,17,제1저자,valid,valid,invalid
Tae Yun Kim,김태윤,ELECTROSTATIC ENERGY HARVESTER WITH IMPROVED TRANSPARENCY AND MECHANICAL PROPERTY USING TWO-DIMENSIONAL MATERAL ON FERROELECTRIC OR PIEZOELECTRIC MATE,5,10003281,공동,invalid (0.19),invalid,invalid
Tae Yun Kim,김태윤,TRIBOELECTRIC ENERGY HARVESTER USING ELECTROLYTE,9,10305395,공동,invalid (0.37),invalid,invalid
Tae Yun Kim,김태윤,마이크로폰 및 이의 제조 방법,9,10-1903420,책임,unknown--,unknown--,unknown--
Tae Yun Kim,김태윤,SPM 탐침을 이용한 전하주입 방식의 메모리 소자,7,10-1910278,책임,unknown--,unknown--,unknown--
Sungyeon Heo,허성연,Charge carrier concentration dependence of ultrafast plasmonic relaxation in conducting metal oxide nanocrystals,7,5757-5763,공동저자,valid,valid,valid
Sungyeon Heo,허성연,Template-Free Mesoporous Electrochromic Films on Flexible Substrates from Tungsten Oxide Nanorods,4,5756-5761,제1저자,valid,valid,valid
Sungyeon Heo,허성연,High mobility in nanocrystal-based transparent conducting oxide thin films,7,3200-3208,공동저자,valid,valid,valid
Sungyeon Heo,허성연,Competition between depletion effects and coupling in the plasmon modulation of doped metal oxide nanocrystals,4,2012?2019,공동저자,valid,invalid,valid
Sungyeon Heo,허성연,Wide Dynamic Range in Tunable Electrochromic Bragg Stacks from Doped Semiconductor Nanocrystals,3,1904555,제1저자,valid,valid,valid
Sungyeon Heo,허성연,Solvothermally-synthesized tin-doped indium oxide plasmonic nanocrystals spray-deposited onto glass as near-infrared electrochromic films,11,110014,공동저자,valid,valid,valid
Sungyeon Heo,허성연,Electrochromic Niobium Oxide Nanorods,6,468-475,공동저자,valid,valid,valid
Sungyeon Heo,허성연,"Spectrally tunable infrared plasmonic F,Sn:In2O3 nanocrystal cubes",15,14709,공동저자,valid,valid,valid
Sungyeon Heo,허성연,Enhanced Coloration Efficiency of Electrochromic Tungsten Oxide Nanorods by Site Selective Occupation of Sodium Ions,7,2072-2079,제1저자,valid,valid,valid
Sungyeon Heo,허성연,Doped tungsten oxide nanocrystals for next generation electrochromic windows,1,1-135,,unknown--,unknown--,unknown--
PARK Gi Dae,박기대,Design and synthesis of Janus-structured mutually doped SnO2-Co3O4 hollow nanostructures as superior anode materials for lithium-ion batteries,3,25319-25327,제1저자,valid,valid,valid
PARK Gi Dae,박기대,"Design and synthesis of spherical multicomponent aggregates composed of core-shell, yolk-shell, and hollow nanospheres and their lithium-ion storage p",2,1703957,제1저자,unknown--,unknown--,unknown--
PARK Gi Dae,박기대,Carbon microspheres with well-developed micro- and mesopores as excellent selenium host materials for lithium-selenium batteries with superior perform,4,21410-21418,제1저자,unknown--,unknown--,unknown--
PARK Gi Dae,박기대,Mesoporous graphitic carbon-TiO2 composite microspheres produced by a pilot-scale spray-drying process as an efficient sulfur host material for Li-S b,4,600-611,제1저자,valid,valid,valid
PARK Gi Dae,박기대,SiO2 microparticles with carbon nanotube-derived mesopores as an efficient support for enzyme immobilization,14,1252-1264,제1저자,valid,valid,invalid
PARK Gi Dae,박기대,Synthesis process of CoSeO3 microspheres for unordinary Li-ion storage performances and mechanism of their conversion reaction with Li ions,6,1901320,제1저자,valid,valid,valid
PARK Gi Dae,박기대,Unique structured microspheres with multishells comprising graphitic carbon-coated Fe3O4 hollow nanopowders as anode materials for high performance Li,5,15766-15773,제1저자,valid,valid,valid
PARK Gi Dae,박기대,Pitch-derived yolk-shell-structured carbon microspheres as efficient sulfur host materials and their application as cathode material for Li-S batterie,4,382-392,제1저자,unknown--,unknown--,unknown--
PARK Gi Dae,박기대,"Investigation of binary metal (Ni, Co) selenite as Li-ion battery anode materials and their conversion reaction mechanism with Li ions",4,1905289,제1저자,valid,valid,valid
PARK Gi Dae,박기대,Towards an efficient anode material for Li-ion batteries: understanding the conversion mechanism of nickel hydroxy chloride with Li ions,5,1939-1946,제1저자,valid,valid,invalid
"Choi, Ji-Hyuk",최지혁,Transition states of nanocrystal thin films during ligand-exchange processes for potential applications in wearable sensors,6,25502-25510,교신저자,valid,valid,valid
"Choi, Ji-Hyuk",최지혁,"Designing High-Performance CdSe Nanocrystal Thin-Film Transistors Based on Solution Process of Simultaneous Ligand Exchange, Trap Passivation, and Dop",10,9389-9399,교신저자,unknown--,unknown--,unknown--
"Choi, Ji-Hyuk",최지혁,Controllable Doping and Passivation of ZnO Thin Films by Surface Chemistry Modification to Design Low-cost and High-performance Thin Film Transistors,6,145289,교신저자,valid,valid,valid
"Choi, Ji-Hyuk",최지혁,Methods of forming colloidal nanocrystal-based thin film devices,10,10096734,공동,invalid (0.42),invalid,invalid
"Choi, Ji-Hyuk",최지혁,Electronic colloidal nanocrystal devices,4,10593755,책임,invalid (0.56),invalid,invalid
Jaeheon Kim,김재헌,Supporting Nickel To Replace Platinum on Zeolite Nanosponges for Catalytic Hydroisomerization of n-Dodecane,4,10545-10554,제1저자,valid,valid,valid
Jaeheon Kim,김재헌,Sulfonium-based organic structure-directing agents for microporous aluminophosphate synthesis,5,75-81,공동저자,valid,valid,valid
Jaeheon Kim,김재헌,Facile synthesis of mesoporous zeolite Y using seed gel and amphiphilic organosilane,5,109579,공동저자,valid,valid,valid
Jaeheon Kim,김재헌,Soft-to-hard consecutive templating one-pot route from metal nitrate/phenol resin/surfactant to mesoporous metal oxides with enhanced thermal stabilit,4,109767,교신저자,unknown--,unknown--,unknown--
Tae Woong Kim,김태웅,Self-Organized Superlattice and Phase Coexistence inside Thin Film Organometal Halide Perovskite,12,1705230,제1저자,valid,valid,valid
Tae Woong Kim,김태웅,Detailed Investigation of Evaporated Perovskite Absorbers with High Crystal Quality on Different Substrates,8,26293-26302,공동저자,valid,valid,valid
Tae Woong Kim,김태웅,Real-Time In Situ Observation of Microstructural Change in Organometal Halide Perovskite Induced by Thermal Degradation,6,1804039,제1저자,valid,valid,valid
Tae Woong Kim,김태웅,Quantitative fraction analysis of coexisting phases in a polycrystalline CH3NH3PbI3 perovskite,5,101401,제1저자,valid,valid,valid
Tae Woong Kim,김태웅,Transmission electron microscopy observation of crystal twinning in periodically inverted AlGaAs grown by low-temperature molecular beam epitaxy,4,100306,제1저자,valid,valid,valid
Tae Woong Kim,김태웅,Direct Observation of the Tunneling Phenomenon in Organometal Halide Perovskite Solar Cells and Its Influence on Hysteresis,5,2743-2749,제1저자,valid,valid,valid
Tae Woong Kim,김태웅,Robust PbI6 Framework of Organometal Halide CH3NH3PbI3 Perovskite Observed by High Resolution Transmission Electron Microscopy,4,26-27,교신저자,valid,valid,invalid
Tae Woong Kim,김태웅,Design of BCP buffer layer for inverted perovskite solar cells using ideal factor,5,31117,공동저자,valid,invalid,valid
Tae Woong Kim,김태웅,Microstructural investigation of a compact TiO2 layer for improvement of perovskite solar cells,4,53902,제1저자,valid,invalid,valid
Tae Woong Kim,김태웅,Optimization of TiO2 compact layer formed by atomic layer deposition for efficient perovskite solar cells,4,203902,제1저자,valid,valid,valid
Bonjae Koo,구본재,Enhanced oxygen exchange of perovskite oxide surfaces through strain-driven chemical stabilization,6,71-77,제1저자,valid,valid,valid
Bonjae Koo,구본재,"Controlling the size of Pt nanoparticles with a cationic surfactant, CnTABr",4,2010-2015,공동저자,valid,valid,valid
Bonjae Koo,구본재,"Study of the surface reaction kinetics of (La,Sr) MnO3-δ oxygen carriers for solar thermochemical fuel production",6,13082-13089,공동저자,valid,valid,valid
Bonjae Koo,구본재,Growth Kinetics of Individual Co Particles Ex-solved on SrTi0.75Co0.25O3-δ Polycrystalline Perovskite Thin Films,9,6690-6697,제1저자,unknown--,unknown--,unknown--
Bonjae Koo,구본재,Exceptional Tunability over Size and Density of Spontaneously Formed Nanoparticles via Nucleation Dynamics,7,24039-24047,공동저자,valid,valid,valid
Bonjae Koo,구본재,Sintering-resistant platinum electrode achieved through atomic layer deposition for thin-film solid oxide fuel cells,10,155347,공동저자,valid,valid,valid
Bonjae Koo,구본재,Sr segregation in perovskite oxides: why it happens and how it exists,6,1476-1499,제1저자,invalid (0.88),valid,valid
Bonjae Koo,구본재,Study on control of surface cation enrichment in perovskite-type oxides for energy conversion devices,1,1-91,,unknown--,unknown--,unknown--
Gwang-Hyeon Nam,남광현,Quasi-Stem Cells Derived from Human Somatic Cells by Chemically Modified Carbon Nanotubes,6,8417-8425,공동저자,valid,valid,valid
Gwang-Hyeon Nam,남광현,High phase-purity 1T′-MoS2 and 1T′-MoSe2 layered crystals,22,638-643,제1저자,valid,valid,invalid
Gwang-Hyeon Nam,남광현,Preparation of 1T′-Phase ReS2xSe2(1-x) (x = 0-1) Nanodots for Highly Efficient Electrocatalytic Hydrogen Evolution Reaction,15,8563-8568,공동저자,unknown--,unknown--,unknown--
Gwang-Hyeon Nam,남광현,In-Plane Anisotropic Properties of 1T′-MoS2 Layers,14,1807764,제1저자,valid,valid,valid
Gwang-Hyeon Nam,남광현,Modulation of semiconducting behavior in carbon nanotube Langmuir-Blodgett film based devices by controlling the effective channel dimension,7,540-544,제1저자,valid,valid,valid
Gwang-Hyeon Nam,남광현,Quest for p-Type Two-Dimensional Semiconductors,6,12294-12300,공동저자,valid,valid,valid
Gwang-Hyeon Nam,남광현,Ag@MoS2 Core-Shell Heterostructure as SERS Platform to Reveal the Hydrogen Evolution Active Sites of Single-layer MoS2,21,7161-7167,공동저자,valid,valid,valid
Gwang-Hyeon Nam,남광현,BIOSENSOR BASED ON CARBON NANOTUBE - ELECTRIC FIELD EFFECT TRANSISTOR AND METHOD FOR PRODUCING THE SAME,4,US9880126,공동,unknown--,unknown--,unknown--
Gwang-Hyeon Nam,남광현,Phase-controlled synthesis for 1T’ phase MoS2 and MoSe2 crystals,1,1-79,,invalid (0.55),invalid,unknown++
SEO JUN SUNG,서준성,ELF18-INDUCED LONG NONCODING RNA associates with Mediator to enhance expression of innate immune response genes in Arabidopsis.,7,1024-1038,제1저자,valid,valid,valid
SEO JUN SUNG,서준성,UBP12/13 Positively Regulate MYC2 Levels in Jasmonate Responses,5,1406-1424,공동저자,unknown--,unknown--,unknown--
SEO JUN SUNG,서준성,Arabidopsis NLA regulates ORE1 homeostasis during senescence induced by nitrogen deficiency,7,898-903,공동저자,invalid (0.85),valid,valid
SEO JUN SUNG,서준성,Chloroplast-selective gene delivery and expression in planta using chitosan-complexed single-walled carbon nanotube carriers.,10,447-455,공동저자,valid,valid,valid
SEO JUN SUNG,서준성,Elf18-induced long noncoding RNA 1 evicts fibrillarin from mediator subunit to enhance PR1 expression.,4,2067-2079,제1저자,invalid (0.86),valid,valid
SEO JUN SUNG,서준성,PLANT U-BOX PROTEIN 10 negatively regulates abscisic acid response in Arabidopsis,4,39,제1저자,valid,valid,valid
SEO JUN SUNG,서준성,Heterologous expression of bacterial trehalose biosynthetic genes enhances trehalose accumulation in potato plants without adverse growth effects,7,409-418,공동저자,valid,valid,valid
SEO JUN SUNG,서준성,Arabidopsis Ubiquitin-specific Proteases UBP12 and UBP13 shape ORE1 Levels during Leaf Senescence induced by Nitrogen Deficiency.,5,1447-1460,공동저자,valid,valid,valid
SEO JUN SUNG,서준성,Regulation of flowering time by SPL10/MED25 module in Arabidopsis,10,493-504,공동저자,valid,valid,valid
SEO JUN SUNG,서준성,Real-time detection of wound-induced H2O2 signalling waves in plants with optical nanosensors.,13,404?415,공동저자,valid,invalid,valid
Jung Hwajin,정화진,"Sexually dimorphic behavior, neuronal activity, and gene expression in Chd8-mutant mice",29,1218-1228,제1저자,valid,valid,valid
Jung Hwajin,정화진,Early correction of NMDAR function improves autistic-like social behaviors in adult Shank2-/- mice,30,534-543,공동저자,invalid (0.86),valid,valid
Jung Hwajin,정화진,NGL-1/LRRC4C deletion moderately suppresses hippocampal synapse development and function but strongly suppresses anxiety-like behavior and spatial and,14,Article 119,공동저자,unknown--,unknown--,unknown--
Jung Hwajin,정화진,"SynGO: an evidence-based, expert-curated knowledgebase for the synapse",73,217-234,공동저자,unknown--,unknown--,unknown--
Jung Hwajin,정화진,NGL-1/LRRC4C-mutant mice display hyperactivity and anxiolytic-like behavior associated with widespread suppression of neuronal activity,11,Article 250,공동저자,valid,invalid,valid
Jung Hwajin,정화진,Splice-dependent trans-synaptic PTPδ-IL1RAPL1 interaction regulates synapse formation and non-REM sleep,15,e104150,제1저자,valid,valid,invalid
Kim Hyun Jin,김현진,Virus-Mimicking Chimaeric Polymersomes Boost Targeted Cancer siRNA Therapy In Vivo,8,1703285,공동저자,valid,valid,valid
Kim Hyun Jin,김현진,Nanoparticle delivery of Cas9 ribonucleoprotein and donor DNA in vivo induces homology-directed DNA repair,22,889-901,공동저자,valid,valid,valid
Kim Hyun Jin,김현진,Tuned Density of Anti-Tissue Factor Antibody Fragment onto siRNA- Loaded Polyion Complex Micelles for Optimizing Targetability into Pancreatic Cancer,11,2320-2329,제1저자,valid,valid,invalid
Kim Hyun Jin,김현진,Small Delivery Vehicles of siRNA for Enhanced Cancer Targeting,4,2377-2390,제1저자,valid,valid,valid
Kim Hyun Jin,김현진,Glucose-linked sub-50-nm unimer polyion complex-assembled gold T nanoparticles for targeted siRNA delivery to glucose transporter 1- overexpressing br,16,268-277,공동저자,invalid (0.24),invalid,invalid
Kim Hyun Jin,김현진,Self-Assembly of siRNA/PEG?b?Catiomer at Integer Molar Ratio into 100 nm-Sized Vesicular Polyion Complexes (siRNAsomes) for RNAi and Codelivery of Car,11,3699-3709,공동저자,unknown--,unknown--,unknown--
Kim Hyun Jin,김현진,In vivo rendezvous of small nucleic acid drugs with charge-matched block catiomers to target cancers,25,1894,제1저자,valid,valid,invalid
Kim Hyun Jin,김현진,Dually Stabilized Triblock Copolymer Micelles with Hydrophilic Shell and Hydrophobic Interlayer for Systemic Antisense Oligonucleotide Delivery to Sol,11,5770-5780,제1저자,invalid (0.23),invalid,invalid
Kim Hyun Jin,김현진,Fine-Tuning of Hydrophobicity in Amphiphilic Polyaspartamide Derivatives for Rapid and Transient Expression of Messenger RNA Directed Toward Genome En,7,1866-1875,교신저자,unknown--,unknown--,unknown--
Kim Hyun Jin,김현진,Systemic Brain Delivery of Antisense Oligonucleotides across the Blood?Brain Barrier with a Glucose-Coated Polymeric Nanocarrier,11,8173-8180,제1저자,valid,valid,invalid
"Park, Kyeng Min",박경민,Autophagy Caught in the Act: A Supramolecular FRET Pair Based on an Ultrastable Synthetic Host-Guest Complex Visualizes Autophagosome-Lysosome Fusion,8,2120-2125,교신저자,valid,valid,valid
"Park, Kyeng Min",박경민,Mono-allyloxylated Cucurbit[7]uril Acts as an Unconventional Amphiphile To Form Light-Responsive Vesicles,11,3132-3136,교신저자,valid,valid,valid
"Park, Kyeng Min",박경민,Supramolecular latching system based on ultrastable synthetic binding pairs as versatile tools for protein imaging,9,1712,교신저자,valid,valid,valid
"Park, Kyeng Min",박경민,Self-assembled adhesive biomaterials formed by a genetically designed fusion protein,10,12642-12645,교신저자,valid,valid,invalid
"Park, Kyeng Min",박경민,Cucurbit[7]uril-conjugated dyes as live cell imaging probes: investigation on their cellular uptake and excretion pathways,6,6215-6220,교신저자,valid,valid,invalid
"Park, Kyeng Min",박경민,Cucurbit[n]uril-based amphiphiles that self-assemble into functional nanomaterials for therapeutics,6,10654-10664,교신저자,valid,valid,valid
"Park, Kyeng Min",박경민,Superacid-Mediated Functionalization of Hydroxylated Cucurbit[n]urils,11,17503-17506,교신저자,valid,valid,invalid
"Park, Kyeng Min",박경민,Bio-orthogonal Supramolecular Latching inside Live Animals and Its Application for in Vivo Cancer Imaging,10,43920-43927,교신저자,valid,valid,valid
"Park, Kyeng Min",박경민,Supra-blot: an accurate and reliable assay for detecting target proteins with a synthetic host molecule-enzyme hybrid,12,1549-1552,교신저자,valid,valid,invalid
"Park, Kyeng Min",박경민,Cucurbituril and Related Macrocycles,3,483-504,책임,invalid (0.16),invalid,invalid
Heo Dong Nyoung,허동녕,Directly induced neural differentiation of human adipose-derived stem cells using three-dimensional culture system of conductive microwell with electr,6,537-545,제1저자,invalid (0.27),invalid,invalid
Heo Dong Nyoung,허동녕,Injectable biodegradable gelatin-methacrylate/β?tricalcium phosphate composite for the repair of bone defects,15,30-39,공동저자,valid,valid,valid
Heo Dong Nyoung,허동녕,Development of 3D printable conductive hydrogel with crystallized PEDOT: PSS for neural tissue engineering,6,582-590,제1저자,valid,valid,valid
Heo Dong Nyoung,허동녕,Synergistic interplay between human MSCs and HUVECs in 3D spheroids laden in collagen/fibrin hydrogels for bone tissue engineering,3,348-356,제1저자,valid,valid,valid
Heo Dong Nyoung,허동녕,Anti-neuroinflammatory gold nanocomplex loading ursodeoxycholic acid following spinal cord injury,9,122088,공동저자,valid,valid,valid
Heo Dong Nyoung,허동녕,Facile preparation of mussel-inspired antibiotic-decorated titanium surfaces with enhanced antibacterial activity for implant applications,11,143675,공동저자,valid,valid,valid
Heo Dong Nyoung,허동녕,Aspiration-assisted bioprinting for precise positioning of biologics,7,eaaw5111,제1저자,valid,valid,invalid
Heo Dong Nyoung,허동녕,Comparison of polysaccharides in articular cartilage regeneration associated with chondrogenic and autophagy-related gene expression,8,922-930,제1저자,valid,valid,valid
Heo Dong Nyoung,허동녕,3D Bioprinting of carbohydrazide-modified gelatin into microparticle-suspended oxidized alginate for fabrication of complex-shaped tissue constructs,8,20295-20306,제1저자,valid,valid,valid
Heo Dong Nyoung,허동녕,신경전극의 제조방법,5,10-1939822,공동,unknown--,unknown--,unknown--
"Roh, Eunmiri",노은미리,ADA-07 suppresses solar ultraviolet-induced skin carcinogenesis by directly inhibiting TOPK,17,1843-1854,공동저자,valid,valid,valid
"Roh, Eunmiri",노은미리,Herbacetin suppresses cutaneous squamous cell carcinoma and melanoma cell growth by targeting AKT and ODC,14,1136-1146,공동저자,valid,valid,valid
"Roh, Eunmiri",노은미리,Targeting PRPK Function Blocks Colon Cancer Metastasis,17,1101-1113,공동저자,valid,valid,valid
"Roh, Eunmiri",노은미리,Targeting PRPK and TOPK for skin cancer prevention and therapy,14,5633-5647,제1저자,valid,valid,valid
"Roh, Eunmiri",노은미리,Stem cell factor-inducible MITF-M expression in therapeutics for skin pigmentary disorders,11,340-352,제1저자,invalid (0.86),valid,invalid
"Roh, Eunmiri",노은미리,Suppression of the Solar Ultraviolet-Induced Skin Carcinogenesis by TOPK Inhibitor HI-TOPK-032,9,4170-4182,제1저자,valid,valid,valid
"Roh, Eunmiri",노은미리,Knock-down of the TIM/TIPIN complex promotes apoptosis in melanoma cells,10,1846-1861,공동저자,valid,valid,valid
"Roh, Eunmiri",노은미리,Skin care formulations and skin cancer treatment,3,PCT/US2018/036720,공동,invalid (0.26),invalid,invalid
Woo-jin Jeong,정우진,Modular Self-Assembling Peptide Platform with a Tunable Thermoresponsiveness via a Single Amino Acid Substitution,3,1803114,제1저자,valid,valid,valid
Woo-jin Jeong,정우진,Peptide-nanoparticle conjugates: a next generation of diagnostic and therapeutic platforms?,6,38,제1저자,invalid (0.90),valid,valid
Woo-jin Jeong,정우진,A Fluorescent Supramolecular Biosensor for Bacterial Detection via Binding-Induced Changes in Coiled-Coil Molecular Assembly,4,93-99,제1저자,valid,valid,valid
Woo-jin Jeong,정우진,Nanoparticle Conjugation Stabilizes and Multimerizes β-Hairpin Peptides To Effectively Target PD-1/PD-L1 β-Sheet-Rich Interfaces,7,1832-1837,제1저자,valid,valid,valid
Woo-jin Jeong,정우진,Surface Engineering for Efficient Capture of Circualting Tumor Cells in Renal Cell Carcinoma: From nanoscale analysis to clinical application,11,112250,공동저자,unknown--,unknown--,unknown--
Woo-jin Jeong,정우진,Polypeptide having multiple directionality and self-assembled nanostructure containing the same,2,9822149,공동,unknown--,unknown--,unknown--
Woo-jin Jeong,정우진,"올가미 형태의 빌딩 블록, 이의 제조방법, 이를 포함하는 자가조립 펩타이드 나노구조체 및 이의 제조방법",3,10-1881102,공동,unknown--,unknown--,unknown--
Woo-jin Jeong,정우진,형광 초분자 바이오센서 및 이를 제조하는 방법,2,10-1986256,공동,unknown--,unknown--,unknown--
Woo-jin Jeong,정우진,다중목적지향 바이오-무기 하이브리드 구조체,2,10-2036584,공동,unknown--,unknown--,unknown--
Woo-jin Jeong,정우진,Development of Artificial Proteins Displaying Multiple Stabilized α-helices through Peptide Self-Assembly and Bio-Inorganic Hybridization,1,1-122,,unknown--,unknown--,unknown--
Manki Son,손만기,"A triangle study of human, instrument and bioelectronic nose for non-destructive sensing of seafood freshness",8,547,제1저자,valid,valid,invalid
Manki Son,손만기,The bioelectronic nose and tongue using olfactory and taste receptors: Analytical tools for food quality and safety assessment,2,371-379,제1저자,valid,valid,valid
Manki Son,손만기,DNA-SWCNT Biosensors allow real-time monitoring of therapeutic responses in Pancreatic Ductal Adenocarcinoma,9,4515-4523,공동저자,valid,valid,valid
"Kim, Hyunsoo",김현수,Prediction of Response to Sorafenib in Hepatocellular Carcinoma: A Putative Marker Panel by Multiple Reaction Monitoring-Mass Spectrometry (MRM-MS),14,1312-1323,제1저자,valid,valid,valid
"Kim, Hyunsoo",김현수,Serum fibronectin distinguishes the early stages of hepatocellular carcinoma,9,9449,제1저자,valid,valid,valid
"Kim, Hyunsoo",김현수,Quantitative proteomics reveals temporal proteomic changes in signaling pathways during BV2 mouse microglial cell activation,6,3419-3432,공동저자,valid,valid,valid
"Kim, Hyunsoo",김현수,Recent advances in proteomic profiling of pancreatic ductal adenocarcinoma and the road ahead,4,963-971,제1저자,valid,valid,valid
"Kim, Hyunsoo",김현수,Quantitative Proteomic Analysis of Pancreatic Cyst Fluid Proteins Associated with Malignancy in Intraductal Papillary Mucinous Neoplasms,9,17,공동저자,valid,valid,valid
"Kim, Hyunsoo",김현수,Fully validated SRM-MS-based method for absolute quantification of PIVKA-II in human serum: Clinical applications for patients with HCC,8,142-146,제1저자,valid,valid,invalid
"Kim, Hyunsoo",김현수,Clinical Assay for AFP-L3 by Using Multiple Reaction Monitoring-Mass Spectrometry for Diagnosing Hepatocellular Carcinoma,6,1230-1238,제1저자,valid,valid,valid
"Kim, Hyunsoo",김현수,Method Validation by CPTAC Guidelines for Multi-protein Marker Assays Using Multiple Reaction Monitoring-Mass Spectrometry,6,343-358,제1저자,valid,valid,invalid
"Kim, Hyunsoo",김현수,Cost-Effective Automated Preparation of Serum Samples for Reproducible Quantitative Clinical Proteomics,5,2337-2345,제1저자,valid,valid,invalid
"Kim, Hyunsoo",김현수,Clinically Applicable Deep Learning Algorithm Using Quantitative Proteomic Data,5,3195-3202,제1저자,valid,valid,valid
Kim Jong Hyun,김종현,Discovery of Simplified Leucyladenylate Sulfamates as Novel LRS-Targeted mTORC1 Inhibitors,12,4145-4152,공동저자,invalid (0.72),valid,valid
Kim Jong Hyun,김종현,Control of Leucine-dependent mTORC1 Pathway through Chemical Intervention of Leucyl-tRNA synthetase and RagD GTPase Interaction.,26,732,제1저자,valid,valid,valid
Kim Jong Hyun,김종현,Coordination of Leucine-Sensing Rag GTPase Cycle by Leucyl-tRNA Synthetase in the mTORC1 Signaling Pathway.,12,E5279-E5288,제1저자,valid,valid,invalid
Kim Jong Hyun,김종현,Discovery of novel leucyladenylate sulfamate surrogates as LRS-targeted mTORC1 inhibitors,12,4073-4079,공동저자,invalid (0.72),valid,valid
Kim Jong Hyun,김종현,Structure-Activity Relationship of Leucyladenylate Sulfamate Analogues as LRS-Targeting Inhibitors of mTORC1,12,32164-32173,공동저자,invalid (0.77),invalid,valid
Kim Jong Hyun,김종현,Glutamyl-prolyl-tRNA synthetase induces fibrotic extracellular matrix via both transcriptional and translational mechanisms.,11,4341-4354,공동저자,valid,valid,valid
Kim Jong Hyun,김종현,A threonyl-tRNA synthetase-mediated vertebrate-specific translation initiation machinery.,19,1357,공동저자,unknown--,unknown--,unknown--
Kim Jong Hyun,김종현,Evolution of the multi-tRNA synthetase complex and its role in cancer.,6,5340-5351,제1저자,valid,valid,invalid
Kim Jong Hyun,김종현,Non-translational function of leucyl-tRNA synthetase regulates myogenic differentiation and skeletal muscle regeneration.,12,2088-2093,공동저자,unknown--,unknown--,unknown--
Kim Jong Hyun,김종현,Glucose-dependent Control of Leucine Metabolism by leucyl-tRNA Synthetase 1,24,205-210,교신저자,valid,valid,valid
Tae-Sik Jang,장태식,Effect of HF/HNO3-treatment on the porous structure and cell penetrability of titanium (Ti) scaffold,6,65-73,교신저자,valid,valid,valid
Tae-Sik Jang,장태식,Antibacterial and bioactive properties of stabilized silver on titanium with a nanostructured surface for dental applications,7,232-240,교신저자,valid,valid,valid
Tae-Sik Jang,장태식,Facile strategy involving low-temperature chemical cross-linking to enhance the physical and biological properties of hyaluronic acid hydrogel,8,545-553,교신저자,valid,valid,valid
Tae-Sik Jang,장태식,Enhanced osseointegration ability of poly-lactic acid via tantalum sputtering-based plasma immersion ion implantation,9,10492-10504,교신저자,valid,valid,valid
Tae-Sik Jang,장태식,In-vitro blood and vascular compatibility of sirolimus-eluting organic/inorganic hybrid stent coatings,6,405-413,제1저자,valid,valid,valid
Tae-Sik Jang,장태식,Reduced fibrous capsule formation at nano-engineered silicone surface via tantalum ion implantation,9,2907-2919,교신저자,valid,valid,invalid
Tae-Sik Jang,장태식,"Fabrication of strong, bioactive vascular grafts with PCL/collagen and PCL/silica bilayers for small-diameter vascular applications",7,108079,교신저자,valid,valid,valid
Tae-Sik Jang,장태식,Ta ion implanted nanoridge-platform for enhanced vascular responses,9,119461,제1저자,valid,valid,valid
Tae-Sik Jang,장태식,Improved cell viability for large?scale biofabrication with photo-crosslinkable hydrogel systems through dual?photoinitiator approach,6,450-461,제1저자,valid,valid,invalid
Tae-Sik Jang,장태식,Enhanced endothelial cell activity induced by incorporation of nano-thick tantalum layer in artificial vascular grafts,12,144801,교신저자,valid,valid,invalid
Park Phil June,박필준,Kojyl Cinnamate Ester Derivatives Increase Adiponectin Expression and Stimulate Adiponectin-Induced Hair Growth Factors in Human Dermal Papilla Cells,2,1859-1868,제1저자,valid,invalid,valid
Park Phil June,박필준,트리메틸 사이클로헥센 화합물을 유효 성분으로 포함하는 발모 또는 육모 촉진용 조성물,3,1020766360000,책임,unknown--,unknown--,unknown--
Park Phil June,박필준,알피나 골무꽃 추출물을 포함하는 탈모 방지 또는 육모 촉진용 조성물,6,1021141330000,책임,unknown--,unknown--,unknown--
NAM JEONGHUN,남정훈,Micromixing using swirling induced by 3-dimensional dual Surface Acoustic Wave (3D-dSAW),2,3434-3440,제1저자,unknown--,unknown--,unknown--
NAM JEONGHUN,남정훈,Micromixing using a conductive liquid-based focused surface acoustic wave (CL-FSAW),3,991-997,제1저자,valid,valid,valid
NAM JEONGHUN,남정훈,Determination of red blood cell deformability using centrifugal force in a three-dimensional-printed mini-disk (3D-PMD),4,e0197619,교신저자,valid,valid,valid
NAM JEONGHUN,남정훈,Lamb wave-based blood coagulation test,5,190-195,제1저자,valid,valid,valid
NAM JEONGHUN,남정훈,Viscoelastic Separation and Concentration of Fungi from Blood for Highly Sensitive Molecular Diagnostics,4,3067,제1저자,valid,valid,valid
NAM JEONGHUN,남정훈,Non-electrical powered continuous cell concentration for enumeration of residual white blood cells in WBC-depleted blood using a viscoelastic fluid,3,12-19,제1저자,valid,valid,valid
NAM JEONGHUN,남정훈,Sheathless high-throughput circulating tumor cell separation using viscoelastic non-Newtonian fluid,6,462,교신저자,valid,valid,invalid
NAM JEONGHUN,남정훈,Lamb wave-based molecular diagnosis using DNA hydrogel formation by rolling circle amplification (RCA) process,5,111496,제1저자,valid,valid,valid
NAM JEONGHUN,남정훈,Sheathless Shape-Based Separation of Candida albicans using a viscoelastic non-Newtonian fluid,7,817,제1저자,valid,valid,valid
NAM JEONGHUN,남정훈,Acoustic mixing in a dome-shaped chamber-based SAW (DC-SAW) device,4,120-125,교신저자,valid,valid,invalid
SANG HUN LEE,이상훈,Microphysiological Analysis Platform of Pancreatic Islet β-Cell Spheroids,7,1701111,제1저자,valid,valid,valid
SANG HUN LEE,이상훈,Multifunctional self-assembled monolayers via microcontact printing and degas-driven flow guided patterning,6,16763,제1저자,valid,valid,valid
SANG HUN LEE,이상훈,On-chip Plasmonic Immunoassay based on Targeted Assembly of Gold Nanoplasmonic Particles,3,2820-2826,제1저자,valid,valid,invalid
SANG HUN LEE,이상훈,Silver Nanoparticle: Synthesis and Application for Nanomedicine,2,865,제1저자,invalid (0.42),invalid,invalid
SANG HUN LEE,이상훈,Bubble-free Rapid Microfluidic PCR,8,725-733,제1저자,valid,valid,valid
SANG HUN LEE,이상훈,Advances in dynamic microphysiological organ-on-a-chip: design principle and its biomedical application,2,65-77,제1저자,valid,valid,valid
SANG HUN LEE,이상훈,Emerging Ultrafast Nucleic Acid Amplification Technologies for Next-Generation Molecular Diagnostics,6,111448,제1저자,valid,valid,valid
SANG HUN LEE,이상훈,Nanophotonic Cell Lysis and Polymerase Chain Reaction (PCR) with Gravity-Driven Cell Enrichment for Rapid Detection of Pathogens,13,13866-13874,공동저자,valid,valid,valid
SANG HUN LEE,이상훈,Cytochrome C-decorated graphene field-effect transistor for highly sensitive hydrogen peroxide detection,6,29-34,제1저자,valid,valid,valid
SANG HUN LEE,이상훈,Single photomask lithography for shape modulation of micropatters,7,196-201,제1저자,unknown--,unknown--,unknown--
Rha Chan-Su,나찬수,Impact of Bioconversion of Gallated Catechins and Flavonol Glycosides on Bioaccessibility and Intestinal Cellular Uptake of Catechins,5,2331-2339,제1저자,valid,valid,invalid
Rha Chan-Su,나찬수,High-efficiency enzymatic production of a-isoquercitrin glucosides by amylosucrase from Deinococcus geothermalis,8,84-90,제1저자,valid,valid,valid
Rha Chan-Su,나찬수,Theaflavin-Enriched Fraction Stimulates Adipogenesis in Human Subcutaneous Fat Cells,3,2034,제1저자,valid,valid,invalid
Rha Chan-Su,나찬수,Simple and Efficient Production of Highly Soluble Daidzin Glycosides by Amylosucrase from Deinococcus geothermalis,6,12824-12832,제1저자,valid,invalid,valid
Rha Chan-Su,나찬수,Simultaneous Optimal Production of Flavonol Aglycones and Degalloylated Catechins from Green Tea Using a Multi-Function Food-Grade Enzyme,5,861,제1저자,valid,valid,valid
Rha Chan-Su,나찬수,Site-specific alpha-glycosylation of hydroxyflavones and hydroxyflavanones by amylosucrase from Deinococcus geothermalis,5,109361,제1저자,valid,valid,valid
Rha Chan-Su,나찬수,Stability and Fermentability of Green Tea Flavonols in In-Vitro-Simulated Gastrointestinal Digestion and Human Fecal Fermentation,7,5890,제1저자,valid,valid,valid
Rha Chan-Su,나찬수,Enrichment of Polyglucosylated Isoflavones from Soybean Isoflavone Aglycones Using Optimized Amylosucrase Transglycosylation,10,181,공동저자,valid,valid,valid
Rha Chan-Su,나찬수,Addition of flavonols and polysaccharides as excipient ingredients into epicatechin rich green tea extract inhibited free radical formation and glucos,7,3105-3111,공동저자,unknown--,unknown--,unknown--
Rha Chan-Su,나찬수,"Antioxidative, Anti-Inflammatory, and Anticancer Effects of Purified Flavonol Glycosides and Aglycones in Green Tea",6,278,제1저자,valid,valid,valid
"Kim, Dae-Wi",김대위,Comparative Proteomic Analysis of Three Xanthomonas Spp. Cultured in Minimal and Rich Media,5,201700142,공동저자,valid,invalid,valid
"Kim, Dae-Wi",김대위,Polymorphism of Antibiotic-Inactivating Enzyme Driven by Ecology Expands the Environmental Resistome,5,267-276,제1저자,valid,valid,valid
"Kim, Dae-Wi",김대위,Influence of Dietary Avilamycin on Ileal and Cecal Microbiota in Broiler Chickens,6,970-979,공동저자,valid,valid,valid
"Kim, Dae-Wi",김대위,"Revisiting Polymorphic Diversity of Aminoglycoside N-Acetyltransferase AAC(6')-Ib Based on Bacterial Genomes of Human, Animal, and Environmental Origi",4,1831,제1저자,unknown--,unknown--,unknown--
"Kim, Dae-Wi",김대위,Comparative Genomic Analysis of Pyrene-Degrading Mycobacterium Species: Genomic Islands and Ring-Hydroxylating Dioxygenases Involved in Pyrene Degrada,4,798-804,제1저자,unknown--,unknown--,unknown--
"Kim, Dae-Wi",김대위,A Novel Sulfonamide Resistance Mechanism by Two-Component Flavin-Dependent Monooxygenase System in Sulfonamide-Degrading Actinobacteria,5,206-215,제1저자,valid,valid,valid
"Kim, Dae-Wi",김대위,Mobile Resistome of Human Gut and Pathogen Drives Anthropogenic Bloom of Antibiotic Resistance,13,2,제1저자,valid,valid,invalid
"Jeong, Dongtak",정동탁,Tenascin-C in Cardiac Hypertrophy and Fibrosis,3,70(13):1616-1617,공동저자,invalid (0.71),invalid,valid
"Jeong, Dongtak",정동탁,miR-25 Tough Decoy Enhances Cardiac Function in Heart Failure,10,26(3):718-729,제1저자,valid,invalid,valid
"Jeong, Dongtak",정동탁,miR-146a Suppresses SUMO1 Expression and Induces Cardiac Dysfunction in Maladaptive Hypertrophy,13,123(6):673-685,공동저자,valid,invalid,valid
"Jeong, Dongtak",정동탁,Enhancing atrial-specific gene expression using a calsequestrin cis-regulatory module 4 with a sarcolipin promoter,5,20(12):e3060,교신저자,valid,invalid,valid
"Jeong, Dongtak",정동탁,Role of the PRC2-Six1-miR-25 signaling axis in heart failure,12,129:58-68,교신저자,valid,invalid,invalid
"Jeong, Dongtak",정동탁,Role of SIRT1 in Modulating Acetylation of the Sarco-Endoplasmic Reticulum Ca2+-ATPase in Heart Failure,22,124(9):e63-e80,제1저자,valid,invalid,invalid
"Jeong, Dongtak",정동탁,"MicroRNA-25 upregulation protects spinal cords, yet is bad for the heart: The dark side of noncoding RNAS",4,158(3): e87-e88,교신저자,valid,valid,invalid
"Jeong, Dongtak",정동탁,Generation of Efficient miRNA Inhibitors Using Tough Decoy Constructs,3,1521:41-53,교신저자,valid,invalid,valid
"Jeong, Dongtak",정동탁,Conventional Method of Transverse Aortic Constriction in Mice,4,1816:183-193,교신저자,valid,valid,valid
"Jeong, Dongtak",정동탁,PHARMACEUTICAL COMPOSITION FOR TREATMENT OF CARDIAC FIBROSIS,3,US20180369324,공동,invalid (0.34),invalid,invalid
"Kang, Sung-Min",강성민,Cesium-induced inhibition of bacterialgrowth of Pseudomonas aeruginosa PAO1 and their possible potential applications for bioremediation of wastewater,9,338,제1저자,unknown--,unknown--,unknown--
"Kang, Sung-Min",강성민,Gamma radiation mediated green technology for Pd nanoparticles recovery from wastewater,8,197,제1저자,valid,invalid,valid
"Kang, Sung-Min",강성민,Microfluidic generation of Prussian blue-laden magnetic micro-adsorbents for cesium removal,8,341,제1저자,valid,invalid,valid
"Kang, Sung-Min",강성민,One-Pot Gamma Ray-Induced Green Synthesis of a Prussian Blue-laden Polyvinylpyrrolidone/Reduced Graphene Oxide Aerogel for the Removal of Hazardous Po,8,7,제1저자,unknown--,unknown--,unknown--
"Kang, Sung-Min",강성민,γ-Radiolysis as Highly Efficient Green Approach to the Synthesis of Metal Nanoclusters: Mechanisms and Applications,10,360,제1저자,valid,invalid,invalid
"Kang, Sung-Min",강성민,The recyclability of alginate hydrogel particles used as a palladium catalyst support,5,73,제1저자,valid,invalid,invalid
"Kang, Sung-Min",강성민,Generation of Multifunctional Encoded Particles using a Tetrapod Microneedle Injector,7,74,제1저자,valid,invalid,valid
"Kang, Sung-Min",강성민,Centrifugal force-driven synthesis of various alginate microspheres using modular micronozzle system,3,9,제1저자,unknown--,unknown--,unknown--
"Kang, Sung-Min",강성민,Generation of Cesium Lead Halide Perovskite Nanocrystals via a Serially-Integrated Microreactor System: Sequential Anion Exchange Reaction,10,384,제1저자,valid,invalid,valid
"Kang, Sung-Min",강성민,MXene: An Emerging Two-Dimensional Layered Material for Removal of Radioactive Pollutants,5,397,제1저자,valid,invalid,invalid
Hyungjun Kim,김형준,Effects of gold nanoparticle-based vaccine size on lymph node delivery and cytotoxic T-lymphocyte responses,10,56-67,공동저자,valid,valid,valid
Hyungjun Kim,김형준,Bilirubin nanoparticle preconditioning protects against hepatic ischemia-reperfusion injury,7,1-10,공동저자,valid,valid,valid
Hyungjun Kim,김형준,Bilirubin Nanoparticle-Assisted Delivery of a Small Molecule-Drug Conjugate for Targeted Cancer Therapy,5,2270-2277,공동저자,valid,valid,valid
Hyungjun Kim,김형준,Flexible elastomer patch with vertical silicon nanoneedles for intracellular and intratissue nanoinjection of biomolecules,8,1-8,제1저자,valid,invalid,valid
Hyungjun Kim,김형준,Antibody-assisted delivery of a peptide-drug conjugate for targeted cancer therapy,9,165-172,제1저자,valid,valid,valid
Hyungjun Kim,김형준,A Hybrid Platform Based on a Bispecific Peptide-Antibody Complex for Targeted Cancer Therapy,11,2005-2010,공동저자,valid,valid,valid
Hyungjun Kim,김형준,Sensor-Instrumented Scaffold Integrated with Microporous Spongelike Ultrabuoy for Long-Term 3D Mapping of Cellular Behaviors and Functions,6,7898-7904,제1저자,valid,invalid,valid
Hyungjun Kim,김형준,Carfilzomib Delivery by Quinic Acid-Conjugated Nanoparticles: Discrepancy Between Tumoral Drug Accumulation and Anticancer Efficacy in a Murine 4T1 Or,13,1615-1622,공동저자,unknown--,unknown--,unknown--
Hyungjun Kim,김형준,"Bioresorbable, Miniaturized Porous Silicon Needles on a Flexible Water-Soluble Backing for Unobtrusive, Sustained Delivery of Chemotherapy",11,7227-7236,제1저자,unknown--,unknown--,unknown--
Wonseok Lee,이원석,Recent advances in carbon material-based NO2 gas sensors,5,1788-1804,공동저자,valid,valid,valid
Wonseok Lee,이원석,Nanoelectrical Characterization of Amyloid β 42 Aggregates via  Kelvin Probe Force Microscopy,7,1187-1191,제1저자,valid,valid,valid
Wonseok Lee,이원석,Adhesive Leaf Created by a Corona Discharge,10,1737,제1저자,valid,valid,valid
Wonseok Lee,이원석,A simple and disposable carbon adhesive tape-based NO2 gas sensor,9,485-492,제1저자,valid,valid,valid
Wonseok Lee,이원석,Microwave-induced formation of oligomeric amyloid aggregates,8,345604,제1저자,valid,valid,valid
Wonseok Lee,이원석,Highly sensitive and wide-range nanoplasmonic detection of fibrinogen using erythrocyte membrane-blanketed nanoparticles,8,216-223,제1저자,valid,valid,invalid
Wonseok Lee,이원석,Ultrasensitive detection of fibrinogen using erythrocyte membrane-draped electrochemical impedance biosensor,11,296-303,제1저자,valid,valid,invalid
Wonseok Lee,이원석,The Formation Mechanism of Segmented Ring-Shaped Aβ Oligomers and Protofibrils,5,3830-3838,제1저자,valid,valid,invalid
Wonseok Lee,이원석,Localized surface plasmon resonance aptasensor for the highly sensitive direct detection of cortisol in human saliva,9,12724,제1저자,valid,invalid,invalid
Wonseok Lee,이원석,Electrochemical Amyloid-Based Biosensor for the Determination of Metal Ions,8,B1497-B1505,제1저자,valid,valid,invalid
Junsang Yoo,유준상,Modelling APOE 3/4 allele-associated sporadic Alzheimer's disease in an induced neuron,11,2193-2209,공동저자,valid,valid,valid
Junsang Yoo,유준상,Electromagnetized gold nanoparticles mediate direct lineage reprogramming into induced dopamine neurons in vivo for Parkinson's disease therapy,19,1006-1014,제1저자,valid,valid,valid
Junsang Yoo,유준상,Novel Neuroprotective Effects of Melanin-Concentrating Hormone in Parkinson's Disease,12,7706-7721,제1저자,valid,valid,invalid
Junsang Yoo,유준상,Salusin-β mediate neuroprotective effects for Parkinson's disease,6,1428-1433,공동저자,unknown--,unknown--,unknown--
Junsang Yoo,유준상,In vivo neuronal gene editing via CRISPR-Cas9 amphiphilic nanocomplexes alleviates deficits in mouse models of Alzheimer's disease,17,524-528,공동저자,valid,valid,valid
Junsang Yoo,유준상,Acupuncture Alleviates Levodopa-Induced Dyskinesia via Melanin-Concentrating Hormone in Pitx3-Deficient aphakia and 6-Hydroxydopamine-Lesioned Mice,8,2408-2423,공동저자,valid,valid,valid
Junsang Yoo,유준상,"Acceleration of somatic cell reprogramming into the induced pluripotent stem cell using a mycosporine-like amino acid, Porphyra 334",11,3684,제1저자,valid,valid,valid
Junsang Yoo,유준상,전자기가 유도된 금속 나노입자를 이용한 신경세포로의 직접교차분화 리프로그래밍 방법,2,10-1745796,공동,unknown--,unknown--,unknown--
Junsang Yoo,유준상,특정 전자기파 처리를 통한 효율적 3D 중뇌 유사 오가노이드 제조 방법,2,10-1948396,공동,unknown--,unknown--,unknown--
Junsang Yoo,유준상,생명공학 기술기반 효율적 세포 운명전환 유도에 관한 연구,1,2018-07월분,,unknown--,unknown--,unknown--
SHIM GAYONG,심가용,Nanoformulation-based sequential combination cancer therapy,5,57-81,제1저자,valid,valid,valid
SHIM GAYONG,심가용,Bacteriomimetic poly-γ-glutamic acid surface coating for hemocompatibility and safety of nanomaterials,6,762-770,교신저자,valid,valid,valid
SHIM GAYONG,심가용,Light-switchable systems for remotely controlled drug delivery,10,67-79,제1저자,valid,valid,valid
SHIM GAYONG,심가용,Chemokine-mimetic plerixafor derivative for tumor-specific delivery of nanomaterials,4,2159-2172,제1저자,valid,valid,invalid
SHIM GAYONG,심가용,Stemmed DNA nanostructure for the selective delivery of therapeutics,8,7511-7518,교신저자,valid,valid,valid
SHIM GAYONG,심가용,Staphylococcus aureus-mimetic control of antibody orientation on nanoparticles,6,267-277,제1저자,valid,valid,valid
SHIM GAYONG,심가용,Sequential activation of anticancer therapy triggered by tumor microenvironment-selective imaging,9,110-119,제1저자,valid,valid,valid
SHIM GAYONG,심가용,In Situ Nanoadjuvant-Assembled Tumor Vaccine for Preventing Long-Term Recurrence,7,7442-7462,교신저자,valid,valid,valid
SHIM GAYONG,심가용,Noncovalent tethering of nucleic acid aptamer on DNA nanostructure for targeted photo/chemo/gene therapies,6,102053,제1저자,valid,valid,valid
SHIM GAYONG,심가용,Biomimetic polymeric nanoparticle-based photodynamic immunotherapy and protection against tumor rechallenge,6,1106-1116,교신저자,valid,valid,valid
Hyounkoo Han,한현구,Extracellular matrix remodeling in vivo for enhancing tumor-targeting efficiency of nanoparticle drug carriers using the pulsed high intensity focused,10,68-78,제1저자,valid,valid,invalid
Hyounkoo Han,한현구,Effect of high intensity focused ultrasound (HIFU) in conjunction with a nanomedicines-microbubble complex for enhanced drug delivery,4,75-86,제1저자,valid,valid,valid
Hyounkoo Han,한현구,Effects of tumor microenvironments on targeted delivery of glycol chitosan nanoparticles,15,223-231,공동저자,valid,valid,valid
Hyounkoo Han,한현구,External Stimuli-Responsive Melanin-Like Nanoparticles for Photoacoustic Imaging-Guided Therapy,7,665-673,공동저자,valid,valid,valid
Hyounkoo Han,한현구,Antitumor Effects of Intra-Arterial Delivery of Albumin-Doxorubicin Nanoparticle Conjugated Microbubbles Combined with Ultrasound-Targeted Microbubble,9,581,공동저자,invalid (0.89),valid,valid
Hyounkoo Han,한현구,Focused ultrasound-triggered chemo-gene therapy with multifunctional nanocomplex for enhancing therapeutic efficacy,7,346-356,제1저자,valid,valid,valid
Hyounkoo Han,한현구,안내 약물 전달 임플란트 (Implant for intraocular drug delivery),6,1019695940000,공동,unknown--,unknown--,unknown--
Hyounkoo Han,한현구,광감작제를 포함한 마이크로버블-나노입자 복합체 및 이를 포함하는 항암 치료제 (Microbubble-Nanoparticles complex comprising Photosensitive and Anticancer therapeutic agent),6,1020353840000,공동,unknown--,unknown--,unknown--
Hyounkoo Han,한현구,항암치료 및 유전자 치료용 나노입자를 포함하는 간동맥 화학색전술용 조성물,5,1020758230000,공동,unknown--,unknown--,unknown--
Hyounkoo Han,한현구,수용성 항암제를 담지하는 마이크로버블을 포함하는 간동맥색전술용 조성물 및 그 제조방법,6,1020765180000,공동,unknown--,unknown--,unknown--
Sangwoo Park,박상우,Cancer-Cell Imaging Using Copper-Doped Zeolite Imidazole Framework-8 Nanocrystals Exhibiting Oxidative Catalytic Activity,3,2641-2648,제1저자,valid,valid,invalid
Sangwoo Park,박상우,Label-Free Tomographic Imaging of Lipid Droplets in Foam Cells for Machine-Learning-Assisted Therapeutic Evaluation of Targeted Nanodrugs,10,1856-1865,제1저자,valid,valid,valid
Sangwoo Park,박상우,A hydrazide organogelator for the fluoride sensing with hyperchromicity and gel-to-sol transition,4,14243-14248,제1저자,valid,valid,valid
Sangwoo Park,박상우,과산화효소 모방 자기조립 복합체의 제조방법 및 그로부터 제조된 과산화효소 모방 자기조립 복합체,7,10-1759961,공동,unknown--,unknown--,unknown--
Sangwoo Park,박상우,고분자 필름을 이용한 유연 전극의 제조방법 및 이에 의해 제조된 유연전극,8,10-1886779,공동,unknown--,unknown--,unknown--
KIM JUEWON,김주원,Effects of Korean Ginseng Berry on Skin Antipigmentation and Antiaging via FoxO3a Activation,10,41(3):277-283,제1저자,valid,invalid,valid
KIM JUEWON,김주원,AKT-targeted Anti-Inflammatory Activity of Panax ginseng Calyx Ethanolic Extract,8,42(4):496-503,제1저자,valid,valid,invalid
KIM JUEWON,김주원,Effect of Polysaccharides From a Korean Ginseng Berry on the Immunosenescence of Aged Mice,8,42(4):447-454,제1저자,valid,valid,invalid
KIM JUEWON,김주원,Syringaresinol Reverses Age-Related Skin Atrophy by Suppressing FoxO3a-Mediated Matrix Metalloproteinase-2 Activation in SOD-deficient mice,10,139(3):648-655,제1저자,invalid (0.89),invalid,valid
KIM JUEWON,김주원,The Natural Phytochemical Trans-Communic Acid Inhibits Cellular Senescence and Pigmentation Through FoxO3a Activation,7,28(11):1270-1278,제1저자,valid,invalid,valid
KIM JUEWON,김주원,Dietary Supplementation of a High-Temperature-Processed Green Tea Extract Attenuates Cognitive Impairment in PS2 and Tg2576 Mice,4,83(12):2364-2371,제1저자,valid,invalid,valid
KIM JUEWON,김주원,Small molecule from natural phytochemical mimic dietary restriction by modulating FoxO3a and metabolic reprogramming,9,201900248,제1저자,valid,invalid,valid
KIM JUEWON,김주원,트랜스코뮤닉산을 유효성분으로 함유하는 피부 미백용 조성물,5,10-1971869,책임,unknown--,unknown--,unknown--
KIM JUEWON,김주원,미백 효능 물질의 스크리닝 방법,4,2975410,책임,unknown--,unknown--,unknown--
KIM JUEWON,김주원,구스베리 추출물 또는 글루타티온을 포함하는 조성물,4,105101486,책임,unknown--,unknown--,unknown--
Cho Sung Chun,조성천,Effects of exercise-induced apelin on muscle function and cognitive function in aged mice,8,110710(1-9),제1저자,valid,invalid,invalid
Cho Sung Chun,조성천,Cell Seeding Technology for Microarray-Based Quantitative Human Primary Skeletal Muscle Cell Analysis,13,14214-14219,공동저자,valid,invalid,valid
Cho Sung Chun,조성천,Skeletal Muscle-Specific Prmt1 Deletion Causes Muscle Atrophy via Deregulation of the PRMT6-FOXO3 Axis,8,1069-1081,공동저자,valid,valid,valid
Cho Sung Chun,조성천,"Satellite Cell-Specific Ablation of Cdon Impairs Integrin Activation, FGF Signalling, and Muscle Regeneration",11,1-15,공동저자,invalid (0.86),invalid,valid
Cho Sung Chun,조성천,Indoprofen prevents muscle wasting in aged mice through activation of PDK1/AKT pathway,13,1-19,교신저자,valid,valid,valid
Cho Sung Chun,조성천,ZNF746/PARIS overexpression induces cellular senescence through FoxO1/p21 axis activation in myoblasts,9,1-13,교신저자,valid,invalid,invalid
Cho Sung Chun,조성천,Composition including indoprofen and use thereof,6,US10610515B2,책임,unknown--,unknown--,unknown--
Cho Sung Chun,조성천,Composition for stimulating neovascularization at a site in a subject comprising dapsone and use thereof,4,EP3011957B1,공동,unknown--,unknown--,unknown--
Cho Sung Chun,조성천,SULFASALAZINE FOR USE IN THE TREATMENT OF CHARCOT MARIE TOOTH DISEASE,4,EP3017818B1,공동,unknown--,unknown--,unknown--
Cho Sung Chun,조성천,Composition comprising farnesol and use thereof,9,EP3000464B1,책임,unknown--,unknown--,unknown--
Byeong Soo Kim,김병수,IEEE 1516을 이용한 복합 시스템의 다측면적인 모델링 시뮬레이션을 위한 프레임워크,2,19-29,제1저자,unknown--,unknown--,unknown--
Byeong Soo Kim,김병수,DEVS 형식론 기반의 재겨냥성 하둡 시뮬레이션 환경 개발,4,51-61,제1저자,unknown--,unknown--,unknown--
Byeong Soo Kim,김병수,머신러닝 기반의 C2 시스템 추상화를 통한 C3 복합체계에서의 시뮬레이션 기반 통신 시스템 분석,4,61-73,공동저자,unknown--,unknown--,unknown--
Byeong Soo Kim,김병수,Data Modeling versus Simulation Modeling in the Big Data Era: Case Study of a Greenhouse Control System,4,579-594,제1저자,valid,valid,valid
Byeong Soo Kim,김병수,An Integrative User-Level Customized Modeling and Simulation Environment for Smart Manufacturing,3,186637-186645,제1저자,valid,valid,valid
Byeong Soo Kim,김병수,Cooperation of Simulation and Data Model for Performance Analysis of Complex Systems,2,608-619,제1저자,valid,valid,valid
Byeong Soo Kim,김병수,Modeling and Simulation Using Artificial Neural Network-Embedded Cellular Automata,2,24056-24061,제1저자,valid,valid,valid
Byeong Soo Kim,김병수,온실의 구동기의 파라미터를 결정하는 서버 및 방법,5,10-1959886,공동,unknown--,unknown--,unknown--
Byeong Soo Kim,김병수,복잡 시스템의 성능 분석을 위한 시뮬레이션 모델과 데이터 모델의 상호 협력에 관한 연구,1,1-65,,unknown--,unknown--,unknown--
Kiho Choi,최기호,An Overview of the MPEG-5 Essential Video Coding Standard,5,160-167,제1저자,invalid (0.82),valid,valid
Kiho Choi,최기호,"Video Codec Using Flexible Block Partitioning and Advanced Prediction, Transform and Loop Filtering Technologies",32,1326-1345,제1저자,valid,valid,valid
Kiho Choi,최기호,The Joint Exploration Model (JEM) for Video Compression with Capability beyond HEVC,6,1208-1225,교신저자,valid,valid,invalid
Kiho Choi,최기호,Method and apparatus for discrete cosine transform/inverse discrete cosine transform,4,EP 2605515,책임,invalid (0.39),invalid,invalid
Kiho Choi,최기호,"Video encoding method and apparatus therefor, and video decoding method and apparatus therefor, in which edge type offset is applied.",3,"US 10,356,418",책임,unknown--,unknown--,unknown--
Kiho Choi,최기호,"Encoding device, decoding device, and encoding and decoding method thereof",2,"US 10,531,102",책임,unknown--,unknown--,unknown--
Kiho Choi,최기호,"Video encoding method and apparatus, and video decoding and apparatus",4,"US 10,560,693",책임,unknown--,unknown--,unknown--
Kiho Choi,최기호,Image encoding method and device for sample value compensation and image decoding method and device for sample value compensation,2,"US 10,609,377",책임,unknown--,unknown--,unknown--
Kiho Choi,최기호,Video decoding method and video decoding apparatus suing merge candidate list,2,"US 10,666,936",책임,unknown--,unknown--,unknown--
Kiho Choi,최기호,Image encoding method and device for sample value compensation and image decoding method and device for sample value compensation,2,"US 10,645,393",책임,unknown--,unknown--,unknown--
Hyung Gyu Lee,이형규,낮은 쓰기 성능을 갖는 비휘발성 메인 메모리 시스템을 위한 성능 및 에너지 최적화 기법,2,245-252,교신저자,unknown--,unknown--,unknown--
Hyung Gyu Lee,이형규,손가락 움직임 인식을 위한 웨어러블 디바이스 설계 및 ML 기법별 성능 분석,2,129-136,교신저자,unknown--,unknown--,unknown--
Hyung Gyu Lee,이형규,Flexible PV-cell Modeling for Energy Harvesting in Wearable IoT Applications,5,156:1~156:20,공동저자,valid,invalid,valid
Hyung Gyu Lee,이형규,SmartPatch: A Self-Powered and Patchable Cumulative UV Irradiance Meter,3,57-64,공동저자,valid,valid,valid
Hyung Gyu Lee,이형규,An Ultra-Low Energy Human Activity Recognition Accelerator for Wearable Health Applications,5,49:1-49:22,공동저자,valid,invalid,valid
Hyung Gyu Lee,이형규,Proactive Row Buffer Management for LPDDR2-NVM Devices,3,527-539,교신저자,valid,valid,valid
Hyung Gyu Lee,이형규,Energy per Operation Optimization for Energy-Harvesting Wearable IoT Devices,6,1-16,교신저자,valid,invalid,valid
Hyung Gyu Lee,이형규,Puppet: Energy Efficient Task Mapping For Storage-Less and Converter-Less Solar-Powered Non-Volatile Sensor Nodes,6,226-233,공동저자,unknown--,unknown--,unknown--
Hyung Gyu Lee,이형규,Tumbler: Energy Efficient Task Scheduling for Dual-Channel Solar-Powered Sensor Nodes,8,1-6,공동저자,unknown--,unknown--,unknown--
Hyung Gyu Lee,이형규,Reap: Runtime energy-accuracy optimization for energy harvesting iot devices,4,1-6,공동저자,unknown--,unknown--,unknown--
"Seo, Young-Duk",서영덕,An evaluation method for content analysis based on Twitter content influence,5,841-867,공동저자,valid,valid,valid
"Seo, Young-Duk",서영덕,RINGA: Design and verification of finite state machine for self-adaptive software at runtime,5,200-222,공동저자,valid,valid,valid
"Seo, Young-Duk",서영덕,Privacy-preserving attribute-based access control model for XML-based electronic health record system,5,9114-9128,공동저자,valid,valid,valid
"Seo, Young-Duk",서영덕,An enhanced aggregation method considering deviations for a group recommendation,5,299-312,제1저자,valid,valid,valid
"Seo, Young-Duk",서영덕,VPL-Based Big Data Analysis System: UDAS,4,40883-40897,공동저자,valid,valid,valid
"Seo, Young-Duk",서영덕,A Nash equilibrium based decision-making method for internet of things,3,1-9,공동저자,invalid (0.87),invalid,valid
"Seo, Young-Duk",서영덕,Self-Adaptive Framework Based on MAPE Loop for Internet of Things,3,2996,공동저자,valid,valid,valid
"Seo, Young-Duk",서영덕,A Survey on Security Requirements for WSNs: Focusing on the Characteristics Related to Security,5,45304-45324,공동저자,valid,valid,valid
"Seo, Young-Duk",서영덕,Video on demand recommender system for internet protocol television service based on explicit information fusion,3,113045,제1저자,valid,valid,valid
"Seo, Young-Duk",서영덕,A Cache-based Model Abstraction and Runtime Verification for the Internet of Things Applications,3,1-16,공동저자,unknown--,unknown--,unknown--
TAEGUEN KIM,김태근,바이너리 시각화와 기계학습을 이용한 악성코드 분류,3,198-203,제1저자,unknown--,unknown--,unknown--
TAEGUEN KIM,김태근,Runtime detection framework for Android malware,3,1-15,제1저자,valid,invalid,valid
TAEGUEN KIM,김태근,Binary executable file similiarity calculation using function matching,4,607-622,제1저자,unknown--,unknown--,unknown--
TAEGUEN KIM,김태근,A Multimodal Deep Learning Method for Android Malware Detection using Various Features,5,773 - 788,제1저자,valid,valid,valid
TAEGUEN KIM,김태근,"악성코드를탐지하는방법,이를이용하는컴퓨팅시스템",2,10-2045500,공동,unknown--,unknown--,unknown--
TAEGUEN KIM,김태근,Research on the Hybrid Detection Method for Mobile Malware Applications,1,1-128,,invalid (0.50),invalid,unknown++
JANG HYUN JAE,장현재,Spatiotemporally random and diverse grid cell spike patterns contribute to the transformation of grid cell to place cell in a neural network model,4,e0225100,제1저자,valid,valid,invalid
JANG HYUN JAE,장현재,Optogenetic activation of parvalbumin and somatostatin interneurons selectively restores theta-nested gamma oscillations and oscillation-induced spike,6,1-20,공동저자,invalid (0.81),invalid,valid
JANG HYUN JAE,장현재,Dissociation of somatostatin and parvalbumin interneurons circuit dysfunctions underlying hippocampal theta and gamma oscillations impaired by amyloid,5,935-954,공동저자,valid,valid,valid
JANG HYUN JAE,장현재,Distinct roles of parvalbumin and somatostatin interneurons in gating the synchronization of spike-times in the neocortex,6,eaay5333,제1저자,valid,invalid,valid
JANG HYUN JAE,장현재,실시간 폐회로 뇌-인공신경망 인터페이스 장치 및 그 방법,2,10-1817016,공동,unknown--,unknown--,unknown--
JANG HYUN JAE,장현재,Gating of neural code transformation and propagation by feedforward and feedback inhibitory network in feedforward neural network model,1,1-188,,unknown--,unknown--,unknown--
Changmin Lee,이창민,Cryptographic Multilinear Maps and their Cryptanalysis,3,12-18,공동저자,invalid (0.87),valid,valid
Changmin Lee,이창민,Cryptanalysis on the HHSS Obfuscation Arising from Absence of Safeguards,4,40096 - 40104,공동저자,valid,valid,valid
Changmin Lee,이창민,Cryptanalysis of the CLT13 Multilinear Map,5,547-565,교신저자,invalid (0.63),invalid,invalid
Changmin Lee,이창민,선형 길이의 암호문을 가지는 다항식 함수 암호화 방법,4,10-1932032,공동,unknown--,unknown--,unknown--
Changmin Lee,이창민,Mathematical Analysis of Cryptographic Multilinear Maps,1,1-66,,unknown--,unknown--,unknown--
Changmin Lee,이창민,Cryptanalyses of Branching Program Obfuscations over GGH13 Multilinear Map from the NTRU Problem,4,184-210,공동저자,valid,valid,valid
Changmin Lee,이창민,Statistical Zeroizing Attack: Cryptanalysis of Candidates of BP Obfuscation over GGH15 Multilinear Map,5,253-283,공동저자,valid,valid,valid
Changmin Lee,이창민,An LLL Algorithm for Module Lattices,4,59-90,공동저자,invalid (0.82),valid,invalid
Jaeho Kim,김재호,Analysis of Performance for NAND Flash based SSDs via Using Host Semantic Information,2,1907-1910,제1저자,invalid (0.85),valid,valid
Jaeho Kim,김재호,A Flash-based SSD Cache Management Scheme for High Performance Home Cloud Storage,3,418-425,교신저자,valid,valid,valid
Jaeho Kim,김재호,I/O Schedulers for Proportionality and Stability on Flash-based SSDs in Multi-tenant Environment,3,4451-4465,제1저자,valid,valid,valid
Jaeho Kim,김재호,SSD Garbage Collection Detection and Management with Machine Learning Algorithm,2,197-206,교신저자,unknown--,unknown--,unknown--
Jaeho Kim,김재호,Big Data Storage Configuration and Performance Evaluation Utilizing NDAS Storage Systems,2,197-210,교신저자,valid,valid,valid
Jaeho Kim,김재호,I/O Performance Analysis of Enterprise Server using Flash-based SSDs,3,246-253,공동저자,valid,valid,valid
Jaeho Kim,김재호,Apparatus and Method of Managing Multi Solid State Disk System,4,US10521156B2,책임,unknown--,unknown--,unknown--
Jaeho Kim,김재호,MV-RLU: Scaling Read-Log-Update with Multi-Versioning,5,779-792,제1저자,invalid (0.87),valid,valid
Jaeho Kim,김재호,Alleviating Garbage Collection Interference Through Spatial Separation in All Flash Arrays,6,799-812,제1저자,unknown--,unknown--,unknown--
Jaeho Kim,김재호,Durable Transactional Memory Can Scale with TimeStone,7,335-349,공동저자,invalid (0.79),valid,valid
Kim Nami,김나미,특허 포트폴리오 구성과 신제품 출시 성과: 특허 재정비 활동의 조절효과를 중심으로,2,63-88,제1저자,unknown--,unknown--,unknown--
Kim Nami,김나미,Impact of Business Groups on Affiliates’ Technological Search Behavior : From a Performance Feedback Perspective,2,371-392,제1저자,unknown--,unknown--,unknown--
Kim Nami,김나미,창업가의 실패 귀인 지향성이 재창업에 미치는 영향: 기업가적 자기 효능감과 회복 탄력성의 조절효과를 중심으로,2,13-26,교신저자,unknown--,unknown--,unknown--
Kim Nami,김나미,기술자원 정리를 통해 혁신을 달성할 수 있는가? 혁신 효율성 및 혁신의 종류에 미치는 영향을 중심으로,3,1605-1632,제1저자,unknown--,unknown--,unknown--
Kim Nami,김나미,특허분쟁이 기업의 향후 혁신 활동에 미치는 영향,2,1-25,교신저자,unknown--,unknown--,unknown--
Kim Nami,김나미,기업가의 창업 실패 경험과 재교육이 재창업에 미치는 영향: 창업 동기의 조절효과를 중심으로,3,33-45,제1저자,unknown--,unknown--,unknown--
Kim Nami,김나미,The effects of patent litigation involving NPEs on firms’ patent strategies,3,119758,교신저자,valid,valid,valid
Kim Nami,김나미,Going Green Inside and Out: Corporate Environmental Responsibility and Financial Performance Under Regulatory Stringency,3,3850,교신저자,valid,valid,valid
Kim Nami,김나미,Know yourself and find your partners: Achieving ambidexterity and inter-organizational collaboration,2,1333-1352,교신저자,valid,valid,valid
Kim Nami,김나미,Innovating by eliminating: Technological resource divestiture and firms’ innovation  performance,1,1-87,,unknown--,unknown--,unknown--
"Yang, Ji Yeon",양지연,한국기업의 중동지역 진출역사 연구,2,25-59,교신저자,unknown--,unknown--,unknown--
"Yang, Ji Yeon",양지연,정부 지원 자금 분석 및 중소기업의 정부 R&D 사업 자금 지원 전략,2,299-324,교신저자,unknown--,unknown--,unknown--
"Yang, Ji Yeon",양지연,"The Roles of Psychological Ownership and Organizational Justice for the Relationships between Change-oriented Leadership, HB and VB",2,1-35,제1저자,unknown--,unknown--,unknown--
"Yang, Ji Yeon",양지연,중소기업을 대상으로 한 개방형 혁신과 수출성과에 대한 정부지원의 효과에 관한 실증연구,2,73-84,제1저자,unknown--,unknown--,unknown--
"Yang, Ji Yeon",양지연,중국 기업의 사업경험과 인수대상 산업특성이 글로벌 인수합병 국가 선택에 미치는 영향,2,255-279,제1저자,unknown--,unknown--,unknown--
"Yang, Ji Yeon",양지연,정과 사랑을 돌려주는 작은 외교관: 오리온 초코파이의 베트남 시장 현지화 전략,2,93-113,제1저자,unknown--,unknown--,unknown--
"Yang, Ji Yeon",양지연,The Mediating Roles of Happiness and Cohesion in the Relationship between Employee Volunteerism and Job Performance,3,1-13,공동저자,valid,invalid,valid
"Yang, Ji Yeon",양지연,Open for Green Innovation: From the Perspective of Green Process and Green Consumer Innovation,2,1-18,제1저자,valid,invalid,valid
"Yang, Ji Yeon",양지연,Energy Efficiency for Supplier and Sustainability for Demand: A Case of Heating Systems in South Korea,5,1-21,공동저자,valid,invalid,valid
"Yang, Ji Yeon",양지연,Willingness to Pay for Eco-labeled Food in Forests: Integrated View from South Korea,3,1-14,제1저자,valid,invalid,invalid
"Min, Jungwon",민정원,Sensitivity of Alliance Termination to Prealliance Conditions: Expectation Effects of Alliance Partners,1,38(7): 917-936,제1저자,valid,valid,valid
"Min, Jungwon",민정원,"No Pain, yet gain? Learning from vicarious crises in an international context",1,97:227-234,제1저자,valid,invalid,valid
"Min, Jungwon",민정원,Research Strategic Alliances: Managing Trust in Strategic Alliances,20,75-101,책임,invalid (0.34),invalid,invalid
Kyunguk Yang,양경욱,커뮤니티유니온의 다양성: 청년유니온과 아르바이트노동조합의 비교연구,2,95-136,제1저자,unknown--,unknown--,unknown--
Kyunguk Yang,양경욱,감정노동전략의 장단기 효과 비교연구: 감정소진과 자아 비진정성을 중심으로,2,57-84,교신저자,unknown--,unknown--,unknown--
Kyunguk Yang,양경욱,제도 혁신가의 양면적 담론전략: 청년유니온의 사례연구,1,49-81,제1저자,unknown--,unknown--,unknown--
Kyunguk Yang,양경욱,계급 정체성 형성 작업과 계급불평등의 재생산: 대형로펌 법률비서의 질적 연구,1,67-99,제1저자,unknown--,unknown--,unknown--
Kyunguk Yang,양경욱,Governing through creativity: Discursive formation and neoliberal subjectivity in Korean firms,4,175-198,공동저자,valid,valid,valid
Kyunguk Yang,양경욱,Organizing the young precariat in South Korea: A case study of the Youth Community Union,2,58-80,제1저자,valid,valid,valid
Kyunguk Yang,양경욱,계급 간 상호작용과 계급정체성작업: 특급호텔 종사자에 대한 질적 연구,1,1-165,,unknown--,unknown--,unknown--
Jeong Rok Oh,오정록,Developmental Directions for the Vocational Education and Training System in South Korea under Globalization: Implications for HRD Policy and Practice,2,119-142,교신저자,unknown--,unknown--,unknown--
Jeong Rok Oh,오정록,Self-Directed Learning in the Workplace and Labor Education in South Korea: Implications for Legislation on Trade Union Education,2,131-148,제1저자,unknown--,unknown--,unknown--
Jeong Rok Oh,오정록,The Diffusion of ISO 14001 in a Developmental State: The Case of Korea,2,505-532,교신저자,valid,valid,valid
Jeong Rok Oh,오정록,시민교육의 기초로서의 헌법,4,187-214,공동,unknown--,unknown--,unknown--
Chairin An,안채린,일로부터 추구하는 ‘재미’의 중요성 - 창의 노동과 내재적 동기의 관계에 대한 고찰,1,115-144,제1저자,unknown--,unknown--,unknown--
Chairin An,안채린,예술인 근로자 의제’에 대한 재 고찰:「예술인복지법」국회 논의 과정을 중심으로,1,39-75,제1저자,unknown--,unknown--,unknown--
Chairin An,안채린,문화콘텐츠산업 창의인재 양성정책이 촉진하는 창의성 영향요인 및 맥락에 대한 연구,1,305-343,제1저자,unknown--,unknown--,unknown--
Chairin An,안채린,THE CONTENT AND ROLE OF INTRINSIC MOTIVATION IN CREATIVE WORK: THE IMPORTANCE OF SEEKING ‘ENJOYMENT’,1,280-290,제1저자,valid,valid,valid
Chairin An,안채린,창의노동,1,1-145,책임,unknown--,unknown--,unknown--
Park Hyun Jung,박현정,광고콘텐츠의 창의성이 인지종결지연욕구와 광고태도에 미치는 영향 : 비유창성의 매개효과를 중심으로,2,339-356,제1저자,unknown--,unknown--,unknown--
Park Hyun Jung,박현정,일탈적 광고는 왜 효과가 있을까? 브랜드 명성과 광고의미이행의 조절된 매개효과를 중심으로,2,31-48,제1저자,unknown--,unknown--,unknown--
Park Hyun Jung,박현정,이미지기반 소셜미디어에서 브랜디드 콘텐츠의 전략적 모호성에 관한 연구,2,5-48,제1저자,unknown--,unknown--,unknown--
Park Hyun Jung,박현정,이미지기반 소셜미디어에서 브랜디드 콘텐츠의 전략적 애매모호성에 관한 연구,1,1-133,,unknown--,unknown--,unknown--
Park Hyun Jung,박현정,"한글문화상품 아이디어 공모전 , 커뮤니케이션티셔츠 _ 한글감정티셔츠",1,,책임,unknown--,unknown--,unknown--
Ik-Soo Ahn,안익수,A study on a automatic audiometry aid by PSM,2,1263-1272,제1저자,valid,valid,valid
Ik-Soo Ahn,안익수,A Study on the Sound of Dadmi according to a Type of Cloth using an Acoustics Analysis,3,1003-1014,제1저자,valid,valid,valid
Ik-Soo Ahn,안익수,A study on the Creation Environment of Zoo Using Sound Effects,3,1149-1161,제1저자,valid,valid,valid
Ik-Soo Ahn,안익수,A Study on Autonomous Vehicle Using Sound Information Technology,1,1545-1563,제1저자,valid,valid,valid
Ik-Soo Ahn,안익수,A Study on the Sound Warning System for Prevention of Roadkill Accident,2,1605-1618,제1저자,valid,valid,valid
Ik-Soo Ahn,안익수,Study on the sound of water flowing by the Types of Gwanak Mountain valleys,1,1301-1311,제1저자,valid,valid,valid
Ik-Soo Ahn,안익수,A Study on the Human Sensation of the Reed Wind Sound in ASMR,3,1454-1459,제1저자,valid,invalid,valid
Ik-Soo Ahn,안익수,A Study on the Application of Sound Effect of Exhibition Space in the Sound  Signal Processing,2,1907-1913,제1저자,valid,valid,valid
Ik-Soo Ahn,안익수,A Study on the Reproduction of Beast Sounds using Analysis of  Acoustic Characters,1,2041-2044,제1저자,valid,valid,valid
Ik-Soo Ahn,안익수,A Study on the Application of Additional Acoustic for Improving of the  Electric Fan Function,3,2052-2056,제1저자,valid,valid,valid
Son Jaeyoung,손재영,국내 스포츠관광 콘텐츠의 중국시장 진출에 대한 탐색적 연구,1,789-802,제1저자,unknown--,unknown--,unknown--
Son Jaeyoung,손재영,온라인 디지털 캐릭터 경험이 오프라인 연관상품 구매의도에 미치는 영향에 관한 연구,1,296-304,제1저자,unknown--,unknown--,unknown--
Son Jaeyoung,손재영,유료 지식콘텐츠 플랫폼 발전 양상의 한중 비교,1,241-270,제1저자,unknown--,unknown--,unknown--
Son Jaeyoung,손재영,중국 디지털 콘텐츠 슝추모(熊出沒)의 오프라인 확장 전략,1,114-129,제1저자,unknown--,unknown--,unknown--
Son Jaeyoung,손재영,e스포츠 상설경기장 서비스스케이프 요인별 중요도 연구,1,131-144,제1저자,unknown--,unknown--,unknown--
Son Jaeyoung,손재영,온라인 디지털 문화콘텐츠 상품의 오프라인 확장전략 연구,1,1-137,,unknown--,unknown--,unknown--
Bae Hyeyoon,배혜윤,모바일 헬스케어 서비스 사용의도에 미치는 자아신념과 건강증진행동에 대한 신념의 영향 연구,3,55-71,제1저자,unknown--,unknown--,unknown--
Bae Hyeyoon,배혜윤,Influence of negative age stereotypes and anti-aging needs on older consumers’ consumption-coping behaviour,4,295-305,제1저자,invalid (0.86),valid,valid
Bae Hyeyoon,배혜윤,크라우드 펀딩 방식을 이용한 게임 리워드 제공 시스템 및 이에 이용되는 서버,2,제 10- 1955916호,공동,unknown--,unknown--,unknown--
Bae Hyeyoon,배혜윤,표시창의 모양 변형이 가능한 디스플레이 장치,2,제 10- 2027130호,공동,unknown--,unknown--,unknown--
Bae Hyeyoon,배혜윤,검진결과 알림 시스템,2,제 10- 2041436호,공동,unknown--,unknown--,unknown--
Bae Hyeyoon,배혜윤,Influence of awareness of age-related change and stereotype threat on consumers’ consumption-coping behaviors: Focusing on consumer innovativeness  Ag,1,1-88,,unknown--,unknown--,unknown--
Bae Hyeyoon,배혜윤,What Drives to Adopt and to Decline mHealth Services? (Chapter 1). TELEMEDICINE,3,1-24,공동,unknown--,unknown--,unknown--
Yaeri Kim,김예리,Do we always adopt Facebook friends’ eWOM postings? The role of social identity and threat,4,86-104,제1저자,valid,valid,valid
Yaeri Kim,김예리,The underdog trap: The moderating role of transgression type in forgiving underdog brands,3,28-40,제1저자,valid,valid,valid
Yaeri Kim,김예리,The Effects of Artificial Agents (AA) on Consumer Attitudes: Resisting AA recommendation in symbolic consumption,1,1-60,,unknown--,unknown--,unknown--
Jin Woo Lee,이진우,미술가의 차별화 전략에 관한 연구 - ‘예술계’(Art World) 개념과 장 미셀 바스키아(Jean-Michel Basquiat) 사례를 중심으로,2,121-141,교신저자,unknown--,unknown--,unknown--
Jin Woo Lee,이진우,일례를 통한 ‘보안된 문화 다이아몬드(Modified Cultural Diamond)’ 모델의 이론적 쟁점화 - 스트리트 아티스트 뱅크시(Banksy)를 중심으로,2,177-200,교신저자,unknown--,unknown--,unknown--
Jin Woo Lee,이진우,언어 네트워크 분석을 통한 현대자동차의 기업 문화마케팅 변화 연구,2,75-102,교신저자,unknown--,unknown--,unknown--
Jin Woo Lee,이진우,미술가의 경력형성에 관한 연구 - 카우스(KAWS)를 중심으로 -,1,47-69,제1저자,unknown--,unknown--,unknown--
Jin Woo Lee,이진우,“Marketing from the Art World”: A Critical Review of American Research in Arts Marketing,2,17-33,제1저자,valid,valid,valid
Jin Woo Lee,이진우,User participation and valuation in digital art platforms: the case of Saatchi Art,2,1125-1151,제1저자,valid,valid,valid
Jin Woo Lee,이진우,Cultural Branding of Young and Emerging Contemporary Artists: The Role of Art Fairs and Online Platforms,1,1-280,,unknown--,unknown--,unknown--
CHOI MIOK,최미옥,문화담론의 장으로서 뮤지엄 전시를 위한 공간큐레이팅,1,pp.15-22,제1저자,unknown--,unknown--,unknown--
CHOI MIOK,최미옥,뮤지엄 공간큐레이팅에서의 전통성 표현연구,1,3-10,제1저자,unknown--,unknown--,unknown--
CHOI MIOK,최미옥,플라톤 코라(Chora)개념을 적용한 전시공간 사례연구 - 국립민속박물관 ‘군주가 꿈꾸는 세상’ 특별전 공간큐레이팅을 중심으로 -,1,pp.13-20,제1저자,unknown--,unknown--,unknown--
CHOI MIOK,최미옥,쓰레기x사용설명서 특별전,5,,공동,unknown--,unknown--,unknown--
CHOI MIOK,최미옥,평창동계올림픽기념 겨울나기 특별전,4,,공동,unknown--,unknown--,unknown--
CHOI MIOK,최미옥,세대를 넘어 수제화 장인 특별전,4,,공동,unknown--,unknown--,unknown--
CHOI MIOK,최미옥,군주가 꿈꾸는 세상 특별전,6,,공동,unknown--,unknown--,unknown--
CHOI MIOK,최미옥,미역과 콘부: 바다가 잇는 한일일상,4,,공동,unknown--,unknown--,unknown--
jin seunghyeon,진승현,"영화 사실주의 속에서 나타난 상지적 표현기법 연구 - 영화 “어디로 갈까요?”, “러",1,1-23,제1저자,unknown--,unknown--,unknown--
jin seunghyeon,진승현,프레임의 상징적 이미지를 통한 캐릭터의 심리묘사와  화면구성의 효과적인 방안,1,1-15,제1저자,unknown--,unknown--,unknown--
jin seunghyeon,진승현,태권교육 공연이 웹서비스 방송이 결합된 K-POP 태권 한류 콘텐츠 서비스 실현 연구,1,24-40,제1저자,unknown--,unknown--,unknown--
jin seunghyeon,진승현,"일제강점기 역사 서사를 중심으로 한 스토리텔링의 환경과 그에 따른 문제점과 개선 방안 연구 - 밀정, 암살, 박열, 동주, 군함도 그리고덕혜옹주 중심으로 -",1,1-9,제1저자,unknown--,unknown--,unknown--
jin seunghyeon,진승현,영상제작을 바탕으로 한 실무 중심의 교육의 환경과 그 효과에 따른 실무 중심의 효율적 발전 방안 연구,1,135-143,제1저자,unknown--,unknown--,unknown--
jin seunghyeon,진승현,소규모(공연등)공연콘텐츠 활성화를 위한 플랫폼 구축과 현황분석과 효과적인 대안 연구,1,30-40,제1저자,unknown--,unknown--,unknown--
jin seunghyeon,진승현,"영상 속에 나타난 즉흥 연기와 공연 연기에 대한 내면적 서스펜스에 대한 연구 - 영화 “전주에서 길을 묻다 ” 와 홍상수 , 허진호 감독 영화 중심으로 -",1,40-50,제1저자,unknown--,unknown--,unknown--
jin seunghyeon,진승현,2019 제18회 MITAK FILM FESTIVAL,1,,책임,unknown--,unknown--,unknown--
jin seunghyeon,진승현,MITAK2017   창문 너머의 인간,1,,책임,unknown--,unknown--,unknown--
jin seunghyeon,진승현,2017 WLU International Digital Design Invitation Exhibition   /     Escape from time to time,1,,책임,unknown--,unknown--,unknown--
Jieun Jung,정지은,문화거버넌스 형성을 위한 국제영화제의 운영 방안에 관한 연구: 부산국제영화제와 부천국제판타스틱 영화제를 중심으로,2,73-81,교신저자,unknown--,unknown--,unknown--
Jieun Jung,정지은,지역 문화공간으로서 작은영화관의 현황 및 발전 방향에 관한 연구: 영국 농촌영화관 지원 사례 비교를 중심으로,2,171-180,제1저자,unknown--,unknown--,unknown--
Jieun Jung,정지은,케이팝(K-POP)을 위한 스토리텔링 전략에 관한 연구: 방탄소년단(BTS)을 중심으로,1,63-72,제1저자,unknown--,unknown--,unknown--
Jieun Jung,정지은,장애인 문화예술교육의 운영 방안에 관한 사례연구: 일본 하나아트센터와 수원 에이블아트센터를 중심으로,2,171-180,제1저자,unknown--,unknown--,unknown--
Jieun Jung,정지은,지역예술축제의 거버넌스 구조에 따른 서비스품질과 스토리텔링이 방문객 만족도에 미치는 영향: 브랜드 자산의 매개효과를 중심으로,1,153-160,제1저자,unknown--,unknown--,unknown--
"Hong, Jong Youl",홍종열,Human-machine interaction: A case study on fake news detection using a backtracking based on a cognitive system,5,77-81,공동저자,valid,valid,valid
"Hong, Jong Youl",홍종열,Cultural intelligence as education contents: Exploring the pedagogical aspects of effective functioning in higher education,4,1-10,제1저자,valid,invalid,valid
"Hong, Jong Youl",홍종열,A study on experience contents of Baekje Muryeong Royal tomb using virtual reality,4,1-10,공동저자,invalid (0.89),invalid,valid
"Hong, Jong Youl",홍종열,Blog Reliability Analysis with Conflicting Interests of Contexts in the Extended Branch for Cyber-security,6,143693-143698,공동저자,valid,valid,valid
"Hong, Jong Youl",홍종열,EU's Cultural Heritage Policy and its Strategic Mapping,1,9709-9712,제1저자,unknown--,unknown--,unknown--
"Hong, Jong Youl",홍종열,Intercultural Competence and Prejudice,1,1110-1117,제1저자,valid,valid,valid
"Hong, Jong Youl",홍종열,"Cultural Diversity and Openness: focused on European Capital of Culture, Pilsen",2,1500-1507,제1저자,valid,valid,valid
"Hong, Jong Youl",홍종열,유럽연합(EU)의 문화창조산업 프로젝트,1,1-208,책임,unknown--,unknown--,unknown--
"Hong, Jong Youl",홍종열,"Cultural Heritage: Perspectives, Challenges and Future Directions",10,97-112,책임,invalid (0.24),invalid,invalid
"Hong, Jong Youl",홍종열,"Understanding Cultural Diversity in Education: Perceptions, Opportunities and Challenges",15,277-296,책임,invalid (0.34),invalid,invalid
Kim Kiyoon,김기윤,AR 초기 이용자들의 속성이 AR콘텐츠 채택과 이용에 미치는 영향에 관한 탐색적 연구-AR콘텐츠 이용자들의 이용 인식과 이용 경험을 중심으로,1,38-48,제1저자,unknown--,unknown--,unknown--
Kim Kiyoon,김기윤,증강현실 서비스의 지각된 특성이 만족감과 이용의도에 미치는 영향에 관한 연구,2,187-211,제1저자,unknown--,unknown--,unknown--
Kim Kiyoon,김기윤,가상현실콘텐츠제작(가상현실 콘텐츠 기획),9,1-90,책임,unknown--,unknown--,unknown--
Kim Kiyoon,김기윤,가상현실콘텐츠제작(가상현실 시스템 기획),9,1-90,공동,unknown--,unknown--,unknown--
Kim Kiyoon,김기윤,가상현실콘텐츠제작(가상현실 촬영),9,1-90,공동,unknown--,unknown--,unknown--
Kim Kiyoon,김기윤,가상현실콘텐츠제작(가상현실 영상 편집),9,1-90,공동,unknown--,unknown--,unknown--
Kim Kiyoon,김기윤,가상현실콘텐츠제작(2D그래픽 디자인),9,1-90,공동,unknown--,unknown--,unknown--
Kim Kiyoon,김기윤,가상현실콘텐츠제작(3D그래픽 디자인),9,1-90,공동,unknown--,unknown--,unknown--
Kim Kiyoon,김기윤,가상현실콘텐츠제작(가상현실 음향 제작),9,1-90,공동,unknown--,unknown--,unknown--
Kim Kiyoon,김기윤,가상현실콘텐츠제작(가상현실 콘텐츠 배포),9,1-90,책임,unknown--,unknown--,unknown--
NA YUN BIN,나윤빈,웹툰의 매체변환 과정에서의 협업체계 연구,2,227-240,교신저자,unknown--,unknown--,unknown--
NA YUN BIN,나윤빈,SNS 광고속성이 구매의도 및 브랜드 태도에 미치는 영향 : 설득지식의 조절효과를 중심으로,1,58-68,제1저자,unknown--,unknown--,unknown--
NA YUN BIN,나윤빈,스캐폴딩이 창의적 협업 성과에 미치는 영향 : 바운더리 오브젝트의 매개효과를 중심으로,3,1-14,교신저자,unknown--,unknown--,unknown--
NA YUN BIN,나윤빈,"인문도시 지향 정책 추진이 지역사회, 도시브랜드, 주민행복에 끼치는 영향 연구",1,1-103,,unknown--,unknown--,unknown--
NA YUN BIN,나윤빈,스마트 미디어 시대의 독서문화 제고와 전자책의 미래,1,1-229,책임,unknown--,unknown--,unknown--
Ahn Sungsook,안성숙,서비스 진정성이 고객만족과 구전 및 재이용의도에 미치는 영향- 항공사 서비스를 중심으로 -,1,91-105,제1저자,unknown--,unknown--,unknown--
Ahn Sungsook,안성숙,가치-태도-행동 모델에 기반한 공유숙박에 대한 소비자행동의 이해: 에어비앤비 서비스를 중심으로,2,97-119,제1저자,unknown--,unknown--,unknown--
Ahn Sungsook,안성숙,중소기업의 신제품개발 관련 흡수역량이 신제품 성과에 미치는 영향,2,17-26,제1저자,unknown--,unknown--,unknown--
Ahn Sungsook,안성숙,여행객의 보유 자원유형이 지각된 공항면세점 쇼핑가치에 미치는 영향 -출국경험의 조절효과를 중심으로 -,3,107-121,제1저자,unknown--,unknown--,unknown--
Ahn Sungsook,안성숙,The Role of CSR Proximity and Psychological Distance as a Marketing Strategy,3,75-83,교신저자,valid,valid,valid
Ahn Sungsook,안성숙,Study on the Donation and Consumer Attitude for the Retail Brand Management,3,49-56,제1저자,valid,valid,valid
Ahn Sungsook,안성숙,소비자 질적 조사방법,9,1-389,책임,unknown--,unknown--,unknown--
KIM TAE EUN,김태은,중국 광고학 연구의 탐색적 고찰: 광고연구에 게재된  통합적 마케팅 커뮤니케이션(IMC) 문헌 분석을 중심으로,3,34-52,제1저자,unknown--,unknown--,unknown--
KIM TAE EUN,김태은,CSR광고의  모델속성이 기업태도에 미치는 인과모형분석: 메시지 진정성 매개 효과,2,53-61,제1저자,unknown--,unknown--,unknown--
KIM TAE EUN,김태은,"디지털 콘텐츠 유형과 광고효과의 관계에 관한 연구: DOOH콘텐츠의 창의성, 호기심, 인게이지먼트를 중심으로",3,5-30,공동저자,unknown--,unknown--,unknown--
KIM TAE EUN,김태은,"뮤지컬  광고커뮤니케이션이 관객의 관람태도, 관람의도 및 재관람의도에 미치는 영향",2,281-290,교신저자,unknown--,unknown--,unknown--
KIM TAE EUN,김태은,Message and Model Selection according to the Themes of CSR Advertisement,2,365-381,제1저자,unknown--,unknown--,unknown--
KIM TAE EUN,김태은,광고PR실무를 위한 전략적커뮤니케이션,12,63-76,공동,unknown--,unknown--,unknown--
JUNG CHANG MO,정창모,B2B 고객추천콘텐츠가 지각된 구매위험에 미치는 영향: 트랜스포테이션과 콘텐츠 신뢰성의 매개효과를 중심으로,4,51-75,제1저자,unknown--,unknown--,unknown--
JUNG CHANG MO,정창모,"일의 의미가 소비가치에 미치는 영향: 사무직 종사자의 노동, 경력, 소명 지향을 중심으로",2,529-551,교신저자,unknown--,unknown--,unknown--
JUNG CHANG MO,정창모,뮤지컬 관람객의 사전지식이 관람만족 및 구전의향에 미치는 영향,2,59-93,교신저자,unknown--,unknown--,unknown--
JUNG CHANG MO,정창모,"How Business Reference Content (BRC) Affects B2B Purchase Decision? : The Role of Content Format, Transportation and Content Credibility",1,00-00,,unknown--,unknown--,unknown--
Lee Ji Hun,이지훈,매체 홍보를 통한 ‘제주 해녀’ 스토리텔링의 감정적 애착 형성과정 연구,2,285-295,교신저자,unknown--,unknown--,unknown--
Lee Ji Hun,이지훈,"게임광고 모델의 매력성, 부합성, 존경성이 게임광고 신뢰성 및 인지, 게임구매의도에 미치는 영향에 관한 연구",1,311-320,제1저자,unknown--,unknown--,unknown--
Lee Ji Hun,이지훈,캐릭터 스토리의 독창성과 캐릭터의 매력성 및 친근성이 캐릭터 제품 선호도에 미치는 영향에 관한 연구,1,47-56,제1저자,unknown--,unknown--,unknown--
Lee Ji Hun,이지훈,미디어 콘텐츠영향에 의한 지역 관광 활성화 정책 연구,1,353-363,제1저자,unknown--,unknown--,unknown--
Lee Ji Hun,이지훈,"A Study on the Influence of Game Enthusiasm, Game Individual lessons, and Human Relationships on Game Satisfaction in Online Team Game Competitions",2,364-374,제1저자,valid,invalid,valid
Lee Ji Hun,이지훈,Effective Policy Development to Promote Cultural Activities of Local Residents in Chungcheongbuk-do,2,236-244,제1저자,valid,valid,valid
Lee Ji Hun,이지훈,Local Storytelling for Invigorating the Tourism Image: Focusing on TV Contents,1,401-409,제1저자,unknown--,unknown--,unknown--
Lee Ji Hun,이지훈,A Study on the Effects of Functional Emotions Occurring at the Workplace on the Resting Activities and Emotional Recovery,3,447-453,제1저자,valid,valid,valid
Lee Ji Hun,이지훈,An Examination on the Influence of Tourists on the Dispute with Local Native: Focusing on the Local Cultural Heritage Streets and Complexes,3,137-147,제1저자,valid,valid,valid
Lee Ji Hun,이지훈,Effect of Mobile Commerce Interaction Characteristics on Game Advertising Effect and Game Re-purchase Intent,2,59-69,교신저자,valid,valid,valid
Jeong Jae Seon,정재선,모바일 헬스케어 앱의 지속사용의도에 미치는 심리적 요인의 영향 연구,4,445-456,교신저자,unknown--,unknown--,unknown--
Jeong Jae Seon,정재선,모바일 헬스케어 앱의 지속적 수용에 관한 연구: 인지된 용이성의 확장을 중심으로,3,81-117,제1저자,unknown--,unknown--,unknown--
Jeong Jae Seon,정재선,"공포소구에 의한 광고가 광고태도에 미치는 영향: 분노, 사회규범, 효능감의 조절 효과를 중심으로",1,60-83,제1저자,unknown--,unknown--,unknown--
Jeong Jae Seon,정재선,노인들의 사회적 지지와 온라인 건강정보행동: 임파워먼트의 매개효과와 헬스 리터러시의 조절효과를 중심으로,2,163-190,교신저자,unknown--,unknown--,unknown--
Jeong Jae Seon,정재선,"장노년층의 사회위험인식에 영향을 미치는 요인 연구: 미디어 환경, 고령사회 환경, 사회자본의 영향과 연령대의 조절효과",3,163-190,교신저자,unknown--,unknown--,unknown--
Jeong Jae Seon,정재선,노인들의 건강 정보 수용: 임파워먼트의 역할,2,273-299,교신저자,unknown--,unknown--,unknown--
Jeong Jae Seon,정재선,What Influences Adolescents’ Rumor Acceptance and Support for Participation in Sociopolitical Issues?Analyzing the Role of Patterns and Levels of Comm,2,86-109,제1저자,unknown--,unknown--,unknown--
Jeong Jae Seon,정재선,Who is Caring for the Caregiver? The Role of Cybercoping for Dementia Caregivers,3,5-13,제1저자,valid,valid,valid
Jeong Jae Seon,정재선,The Influence of Information Appraisals and Information Behaviors on the Acceptance of Health Information: A Study of Television Medical Talk Shows in,2,972-979,제1저자,valid,valid,valid
Jeong Jae Seon,정재선,"The effects of antismoking campaigns on nonsmokers in South Korea: perceived threat, attribution, and help-giving",2,10.1080/13548506.202,공동저자,valid,invalid,valid
"Jeong, Heon",정헌,들뢰즈의 시간-이미지와 디지털 미학,1,141-167,제1저자,unknown--,unknown--,unknown--
"Jeong, Heon",정헌,디지털 하이브리드 이미지 존재론에 관한 연구,1,117-124,제1저자,unknown--,unknown--,unknown--
"Jeong, Heon",정헌,디지털 시네마의 물질적 특성에 대한 미학적 고찰,1,29-44,제1저자,unknown--,unknown--,unknown--
"Jeong, Heon",정헌,필름크래프트-촬영감독,1,1-197,책임,unknown--,unknown--,unknown--
So Won Jeong,정소원,"수출중소기업의 시장지향성, 브랜딩역량 및 신제품개발역량이 수출시장에서의 경쟁우위에 미치는 영향: 기업유형간 비교를 중심으로",3,69-100,공동저자,unknown--,unknown--,unknown--
So Won Jeong,정소원,Social capital and technology alliance performance of Korean exporting SMEs,4,245-259,제1저자,unknown--,unknown--,unknown--
So Won Jeong,정소원,홈쇼핑 기업과 소비재 중소기업의 해외 동반진출에 관한 사례연구,3,153-165,교신저자,unknown--,unknown--,unknown--
So Won Jeong,정소원,"Determinants of U.S. Buyer Loyalty toward Gobizkorea.com: A Study Focused on Country Image, E-Service Quality, and Satisfaction",3,203-232,교신저자,unknown--,unknown--,unknown--
So Won Jeong,정소원,Network evolution and cultivation patterns during the internationalization process: case analyses from Korean SMEs,4,323-351,제1저자,valid,valid,valid
So Won Jeong,정소원,Dimensional effects of Korean SME’s entrepreneurial orientation on internationalization and performance: The mediating role of marketing capability,3,195-215,교신저자,valid,valid,valid
So Won Jeong,정소원,Entry market choices and Post-entry growth patterns among born globals in consumer goods sectors,4,958-980,공동저자,valid,valid,valid
So Won Jeong,정소원,NIE-based SME brand building in foreign markets: an exploratory study,4,63-79,교신저자,valid,valid,valid
So Won Jeong,정소원,The temporal effects of social and business networks on international performance of South Korean SMEs,3,1042-1057,제1저자,valid,valid,valid
So Won Jeong,정소원,Impact of External Knowledge Inflow on Product and Process Innovation of Korean SMEs: Absorptive Capacity as a Mediator,3,219-234,제1저자,valid,valid,valid
Jaeho Shin,신재호,The Effect of Innovation Constraints on Search Strategies in the Service Industry,3,37-54,제1저자,invalid (0.28),invalid,invalid
Jaeho Shin,신재호,The Effect of Sustainability as Innovation Objectives on Innovation Efficiency,3,1966:1-13,제1저자,valid,invalid,valid
Jaeho Shin,신재호,Does Reduction of Material and Energy Consumption Affect to Innovation Efficiency? The Case of Manufacturing Industry in South Korea,3,1178:1-14,제1저자,valid,invalid,valid
Jaeho Shin,신재호,What is the Right Innovation Type for Your Industry?: Evidence from Chemical Firms in Korea,4,643:1-16,제1저자,valid,invalid,valid
Jaeho Shin,신재호,革新 制約要因이 企業의 革新 成果와 效率性에 미치는 影響에 關한 硏究: 輸出 企業과 內需 企業을 中心으로,1,1-126,,,,
