,Title,Link,cor_A,inst,Author,vol_num,paper_type,Journal
0,"다매체거동모델을 이용한 대도시 자동차 배출 Polycyclic Aromatic Hydrocarbons (PAHs) 거동 해석 및 영향평가
Fate Analysis and Impact Assessment for Vehicle Polycyclic Aromatic Hydrocarbons (PAHs) Emitted from Metropolitan City Using Multimedia Fugacity Model",https://www.kci.go.kr/kciportal/ci/sereArticleSearch/ciSereArtiView.kci?sereArticleSearchBean.artiId=ART002372055,유창규 /Yoo ChangKyoo,: 한국화학공학회,"이가희 /Rhee Ga hee, 황보순호 /HwangBo Soonho",479-495,0,Korean Chemical Engineering Research(HWAHAK KONGHAK)
1,0,0,0,0,0,0,0,0
2,0,0,0,0,0,0,0,0
3,0,0,0,0,0,0,0,0
4,0,0,0,0,0,0,0,0
5,0,0,0,0,0,0,0,0
6,0,0,0,0,0,0,0,0
7,0,0,0,0,0,0,0,0
8,0,0,0,0,0,0,0,0
9,0,0,0,0,0,0,0,0
10,0,0,0,0,0,0,0,0
11,0,0,0,0,0,0,0,0
12,0,0,0,0,0,0,0,0
13,0,0,0,0,0,0,0,0
14,"유료 지식콘텐츠 플랫폼 발전 양상의 한중 비교 - 뤄지쓰웨이-더따오와 퍼블리의 사례를 중심으로
A Comparative research on the development of Paid Knowledge Contents Platforms between Korea and China – Focused on case study of Luogic Thinking-Dedao and Publy -",https://www.kci.go.kr/kciportal/ci/sereArticleSearch/ciSereArtiView.kci?sereArticleSearchBean.artiId=ART002455220,손재영 /Son Jae Young,: 한국만화애니메이션학회,손재영 /Son Jae Young,241-270,0,만화애니메이션연구
15,"온라인 디지털 캐릭터 경험이 오프라인 연관상품 구매의도에 미치는 영향에 관한 연구 -카카오프렌즈의 O4O(Online for Offline) 제품 포트폴리오를 중심으로
A Study of the Influence of Online Digital Character Experience on Offline Related Products Purchasing Intention -Focused on Kakao Friends O4O(Online for Offline) Product Portfolio",https://www.kci.go.kr/kciportal/ci/sereArticleSearch/ciSereArtiView.kci?sereArticleSearchBean.artiId=ART002443079,손재영 /Son Jae Young,: 한국콘텐츠학회,손재영 /Son Jae Young,296-304,0,한국콘텐츠학회 논문지
16,"국내 스포츠관광 콘텐츠의 중국시장 진출에 대한 탐색적 연구 -KBO 리그의 중국시장 마케팅 타당성을 중심으로
An Exploratory Study of Korean Sports Games as Tourism Marketing Contents to China: Focused on KBO League’s Marketing Availability",https://www.kci.go.kr/kciportal/ci/sereArticleSearch/ciSereArtiView.kci?sereArticleSearchBean.artiId=ART002416923,손재영 /Son Jae Young,: 사단법인 아시아문화학술원,손재영 /Son Jae Young,789-802,0,인문사회 21
17,"e스포츠 상설경기장 서비스스케이프 요인별 중요도 연구
A Study on Priority of e-Sports Arena Servicescape Factors",https://www.kci.go.kr/kciportal/ci/sereArticleSearch/ciSereArtiView.kci?sereArticleSearchBean.artiId=ART002515761,손재영 /Son Jae Young,: 사단법인 아시아문화학술원,손재영 /Son Jae Young,131-144,0,인문사회 21
18,"중국 디지털 콘텐츠 <슝추모(熊出沒)>의 오프라인 확장 전략
Online to Offline Expansion Strategy of Digital Contents: A Case study of Chinese Digital Animation <Boonie Bears>",https://www.kci.go.kr/kciportal/ci/sereArticleSearch/ciSereArtiView.kci?sereArticleSearchBean.artiId=ART002469840,손재영 /Son Jae Young,: 글로벌 문화콘텐츠학회,손재영 /Son Jae Young,114-129,0,글로벌문화콘텐츠
19,0,0,0,0,0,0,0,0
20,0,0,0,0,0,0,0,0
21,0,0,0,0,0,0,0,0
22,0,0,0,0,0,0,0,0
23,0,0,0,0,0,0,0,0
24,0,0,0,0,0,0,0,0
25,0,0,0,0,0,0,0,0
26,0,0,0,0,0,0,0,0
27,0,0,0,0,0,0,0,0
28,0,0,0,0,0,0,0,0
29,0,0,0,0,0,0,0,0
30,0,0,0,0,0,0,0,0
31,0,0,0,0,0,0,0,0
32,0,0,0,0,0,0,0,0
33,0,0,0,0,0,0,0,0
34,0,0,0,0,0,0,0,0
35,0,0,0,0,0,0,0,0
36,0,0,0,0,0,0,0,0
37,0,0,0,0,0,0,0,0
38,0,0,0,0,0,0,0,0
39,0,0,0,0,0,0,0,0
40,0,0,0,0,0,0,0,0
41,0,0,0,0,0,0,0,0
42,0,0,0,0,0,0,0,0
43,0,0,0,0,0,0,0,0
44,0,0,0,0,0,0,0,0
45,0,0,0,0,0,0,0,0
46,0,0,0,0,0,0,0,0
47,0,0,0,0,0,0,0,0
48,0,0,0,0,0,0,0,0
49,0,0,0,0,0,0,0,0
50,0,0,0,0,0,0,0,0
51,0,0,0,0,0,0,0,0
52,0,0,0,0,0,0,0,0
53,0,0,0,0,0,0,0,0
54,0,0,0,0,0,0,0,0
55,0,0,0,0,0,0,0,0
56,0,0,0,0,0,0,0,0
57,0,0,0,0,0,0,0,0
58,0,0,0,0,0,0,0,0
59,0,0,0,0,0,0,0,0
60,0,0,0,0,0,0,0,0
61,0,0,0,0,0,0,0,0
62,0,0,0,0,0,0,0,0
63,0,0,0,0,0,0,0,0
64,0,0,0,0,0,0,0,0
65,0,0,0,0,0,0,0,0
66,0,0,0,0,0,0,0,0
67,0,0,0,0,0,0,0,0
68,0,0,0,0,0,0,0,0
69,0,0,0,0,0,0,0,0
70,0,0,0,0,0,0,0,0
71,0,0,0,0,0,0,0,0
72,0,0,0,0,0,0,0,0
73,0,0,0,0,0,0,0,0
74,0,0,0,0,0,0,0,0
75,0,0,0,0,0,0,0,0
76,0,0,0,0,0,0,0,0
77,0,0,0,0,0,0,0,0
78,0,0,0,0,0,0,0,0
79,0,0,0,0,0,0,0,0
80,"서학의 아니마론과 다산 심성론
The theory of Anima of Western Learning and the theory of Mind and Nature in Tasan’s philosophy",https://www.kci.go.kr/kciportal/ci/sereArticleSearch/ciSereArtiView.kci?sereArticleSearchBean.artiId=ART001732658,정인재 1,: (재)한국교회사연구소,정인재 1,271-326,0,교회사연구
81,0,0,0,0,0,0,0,0
82,0,0,0,0,0,0,0,0
83,0,0,0,0,0,0,0,0
84,0,0,0,0,0,0,0,0
85,0,0,0,0,0,0,0,0
86,0,0,0,0,0,0,0,0
87,0,0,0,0,0,0,0,0
88,0,0,0,0,0,0,0,0
89,0,0,0,0,0,0,0,0
90,PLANT U‑BOX PROTEIN 10 negatively regulates abscisic acid response in Arabidopsis,https://www.kci.go.kr/kciportal/ci/sereArticleSearch/ciSereArtiView.kci?sereArticleSearchBean.artiId=ART002494723,"정춘균 /Choonkyun Jung, Nam‑Hai Chua",: 한국응용생명화학회,"서준성 /Jun Sung Seo, Pingzhi Zhao",1-5,0,Applied Biological Chemistry
91,0,0,0,0,0,0,0,0
92,0,0,0,0,0,0,0,0
93,0,0,0,0,0,0,0,0
94,0,0,0,0,0,0,0,0
95,0,0,0,0,0,0,0,0
96,0,0,0,0,0,0,0,0
97,Heterologous expression of bacterial trehalose biosynthetic genes enhances trehalose accumulation in potato plants without adverse growth effects,https://www.kci.go.kr/kciportal/ci/sereArticleSearch/ciSereArtiView.kci?sereArticleSearchBean.artiId=ART002497634,"최양도 /Choi， Yang Do, 정춘균 /Choonkyun Jung",: 한국식물생명공학회,"심재성 /Jae Sung Shim, 서주석 /Seo Ju-Seok, 서준성 /SEO JUN SUNG, 김영환 /Yonghwan Kim, 구연종 /Koo， Yeonjong",409-418,0,Plant Biotechnology Reports
98,"미술가의 경력형성에 관한 연구 - 카우스(KAWS)를 중심으로 -
A Study on the Career Development of an Artist: The Case of KAWS",https://www.kci.go.kr/kciportal/ci/sereArticleSearch/ciSereArtiView.kci?sereArticleSearchBean.artiId=ART002567901,이진우 /Jin Woo Lee,: 한국예술경영학회,이진우 /Jin Woo Lee,47-69,0,예술경영연구
99,"언어 네트워크 분석을 통한 현대자동차의 기업 문화마케팅 변화 연구
Semantic Network Analysis of Trends in Hyundai Motor’s Corporate Cultural Marketing",https://www.kci.go.kr/kciportal/ci/sereArticleSearch/ciSereArtiView.kci?sereArticleSearchBean.artiId=ART002502532,이진우 /Jin Woo Lee,: 한국예술경영학회,김정현,75-102,0,예술경영연구
100,0,0,0,0,0,0,0,0
101,"미술가의 차별화 전략에 관한 연구 - ‘예술계’(Art World) 개념과 장 미셀 바스키아(Jean‐Michel Basquiat) 사례를 중심으로 -
A Study on the Strategy of Differentiating an Artist: Focused on the Art World and Jean-Michel Basquiat",https://www.kci.go.kr/kciportal/ci/sereArticleSearch/ciSereArtiView.kci?sereArticleSearchBean.artiId=ART002382746,이진우 /Jin Woo Lee,: 한국예술경영학회,김도은,121-141,0,예술경영연구
102,0,0,0,0,0,0,0,0
103,0,0,0,0,0,0,0,0
104,"기업가의 창업 실패 경험과 재교육이 재창업에 미치는 영향: 창업 동기의 조절효과를 중심으로
The Effects of Entrepreneurs’ Failure Experience and Re-education on Subsequent Venture: Moderating Effect of Entrepreneurial Motivation",https://www.kci.go.kr/kciportal/ci/sereArticleSearch/ciSereArtiView.kci?sereArticleSearchBean.artiId=ART002582051,이종선 /Jongseon Lee,: 한국벤처창업학회,"김나미 /Kim Nami, 김동수 /Dongsoo Kim",33-45,0,벤처창업연구
105,"특허분쟁이 기업의 향후 혁신 활동에 미치는 영향
The Impact of Patent Disputes on Firms’ Subsequent Innovative Activity",https://www.kci.go.kr/kciportal/ci/sereArticleSearch/ciSereArtiView.kci?sereArticleSearchBean.artiId=ART002572446,김나미 /Kim Nami,: 한국지식경영학회,이종선 /Jongseon Lee,1-25,0,지식경영연구
106,"기술자원 정리를 통해 혁신을 달성할 수 있는가? 혁신 효율성 및 혁신의 종류에 미치는 영향을 중심으로
Do Firms Achieve Innovation through Technological Resource Divestiture? Focused on the Effects of Innovation Efficiency and Innovation Type",https://www.kci.go.kr/kciportal/ci/sereArticleSearch/ciSereArtiView.kci?sereArticleSearchBean.artiId=ART002513562,이종선 /Jongseon Lee,: 대한경영학회,"김나미 /Kim Nami, 김언수 /Eonsoo Kim",1605-1632,0,대한경영학회지
107,"창업가의 실패 귀인 지향성이 재창업에 미치는 영향: 기업가적 자기 효능감과 회복 탄력성의 조절효과를 중심으로
The Effects of Serial Entrepreneurs’ Failure Attribution on Subsequent Venture: Moderating Effect of Entrepreneurial Self-efficacy and Resilience",https://www.kci.go.kr/kciportal/ci/sereArticleSearch/ciSereArtiView.kci?sereArticleSearchBean.artiId=ART002477718,김나미 /Kim Nami,: 한국벤처창업학회,이종선 /Jongseon Lee,13-26,0,벤처창업연구
108,0,0,0,0,0,0,0,0
109,"특허 포트폴리오 구성과 신제품 출시 성과: 특허 재정비 활동의 조절효과를 중심으로
Patent Portfolio Composition and New Product Introduction: The Moderating Role of Technological Resource Rearrangement",https://www.kci.go.kr/kciportal/ci/sereArticleSearch/ciSereArtiView.kci?sereArticleSearchBean.artiId=ART002389635,이종선 /Jongseon Lee,: 한국지식경영학회,김나미 /Kim Nami,63-87,0,지식경영연구
110,0,0,0,0,0,0,0,0
111,0,0,0,0,0,0,0,0
112,0,0,0,0,0,0,0,0
113,0,0,0,0,0,0,0,0
114,0,0,0,0,0,0,0,0
115,0,0,0,0,0,0,0,0
116,0,0,0,0,0,0,0,0
117,0,0,0,0,0,0,0,0
118,0,0,0,0,0,0,0,0
119,0,0,0,0,0,0,0,0
120,0,0,0,0,0,0,0,0
121,0,0,0,0,0,0,0,0
122,0,0,0,0,0,0,0,0
123,0,0,0,0,0,0,0,0
124,Inhibition of MUC1 biosynthesis via threonyl-tRNA synthetase suppresses pancreatic cancer cell migration,https://www.kci.go.kr/kciportal/ci/sereArticleSearch/ciSereArtiView.kci?sereArticleSearchBean.artiId=ART002311713,김성훈 /Sunghoon Kim,: 생화학분자생물학회,"정승재, 김종현 /Kim Jong Hyun, 임범진 /Beom Jin Lim, 윤인아, 송지애, 문희선, 김도연, 이동기 /Dong Ki Lee",1-13,0,Experimental and Molecular Medicine
125,0,0,0,0,0,0,0,0
126,0,0,0,0,0,0,0,0
127,0,0,0,0,0,0,0,0
128,0,0,0,0,0,0,0,0
129,0,0,0,0,0,0,0,0
130,0,0,0,0,0,0,0,0
131,AKT-targeted anti-inflammatory activity of Panax ginseng calyx ethanolic extract,https://www.kci.go.kr/kciportal/ci/sereArticleSearch/ciSereArtiView.kci?sereArticleSearchBean.artiId=ART002408847,0,: 고려인삼학회,"Sang Yun Han, Juewon Kim, Eunji Kim",496-503,0,Journal of Ginseng Research
132,Effect of polysaccharides from a Korean ginseng berry on the immunosenescence of aged mice,https://www.kci.go.kr/kciportal/ci/sereArticleSearch/ciSereArtiView.kci?sereArticleSearchBean.artiId=ART002408832,신송석 /Song Seok Shin,: 고려인삼학회,"Miseon Kim, 이영수 /Yi， Young-Su, Juewon Kim, Sang Yun Han, Su Hwan Kim, Dae Bang Seo, Jae Youl Cho",447-454,0,Journal of Ginseng Research
133,Antimelanogenesis and skin-protective activities of Panax ginseng calyx ethanol extract,https://www.kci.go.kr/kciportal/ci/sereArticleSearch/ciSereArtiView.kci?sereArticleSearchBean.artiId=ART002408820,Jae Youl Cho,: 고려인삼학회,"Jeong-Oog Lee, Eunji Kim, 김지혜 /Kim Ji Hye, Yo Han Hong, 김한경 /Han Gyung Kim, Deok Jeong, Juewon Kim, Su Hwan Kim, Chan-Woong Park, Dae Bang Seo, 손영진 /Young-jin Son, Sang Yun Han",389-399,0,Journal of Ginseng Research
134,"Efficacy and safety of Panax ginseng berry extract on glycemic control: A 12-wk randomized, double-blind, and placebo-controlled clinical trial",https://www.kci.go.kr/kciportal/ci/sereArticleSearch/ciSereArtiView.kci?sereArticleSearchBean.artiId=ART002407107,오상우 /Sang Woo Oh,: 고려인삼학회,"Han Seok Choi, 김순미 /Sunmi Kim, 김민정 /Min Jung Kim, 김명선 /Myung-Sunny Kim, Juewon Kim, Chan-Woong Park, Dae Bang Seo, 신송석 /Song Seok Shin",90-97,0,Journal of Ginseng Research
135,Effects of Korean ginseng berry on skin antipigmentation and antiaging via FoxO3a activation,https://www.kci.go.kr/kciportal/ci/sereArticleSearch/ciSereArtiView.kci?sereArticleSearchBean.artiId=ART002238542,"서대방, 신송석 /Song Seok Shin",: 고려인삼학회,"김주원 /Juewon Kim, 조시영, 김수환 /Su Hwan Kim, 조동현 /Donghyun Cho, 김순미 /Sunmi Kim, 박찬웅, Takahiko Shimizu, 조재열",277-283,0,Journal of Ginseng Research
136,0,0,0,0,0,0,0,0
137,"문화콘텐츠산업 창의인재 양성정책이 촉진하는 창의성 영향요인 및 맥락에 대한 연구
A Study on the Influence Factors and Contexts of Creativity on the Cultivation of Creative Talents in Cultural Content Industry",https://www.kci.go.kr/kciportal/ci/sereArticleSearch/ciSereArtiView.kci?sereArticleSearchBean.artiId=ART002518461,안채린 /Chairin An,: 동국대학교 영상문화콘텐츠연구원,안채린 /Chairin An,305-343,0,영상문화콘텐츠연구
138,"예술인 근로자 의제’에 대한 재 고찰- 「예술인복지법」 국회 논의 과정을 중심으로
Rethinking the legal fiction of artists as worker: Focusing on the Legislative Process of the Artists’ Welfare Act",https://www.kci.go.kr/kciportal/ci/sereArticleSearch/ciSereArtiView.kci?sereArticleSearchBean.artiId=ART002324565,안채린 /Chairin An,: 한국예술경영학회,안채린 /Chairin An,39-75,0,예술경영연구
139,"일로부터 추구하는 ‘재미’의 중요성 - 창의 노동과 내재적 동기의 관계에 대한 고찰
The importance of maintaining ‘enjoyment’ from creative work - A discussion on the relationship between intrinsic motivation and creative labor",https://www.kci.go.kr/kciportal/ci/sereArticleSearch/ciSereArtiView.kci?sereArticleSearchBean.artiId=ART002304661,안채린 /Chairin An,: 한국문화경제학회,안채린 /Chairin An,115-144,0,문화경제연구
140,0,0,0,0,0,0,0,0
141,0,0,0,0,0,0,0,0
142,0,0,0,0,0,0,0,0
143,0,0,0,0,0,0,0,0
144,"지역예술축제의 거버넌스 구조에 따른 서비스품질과 스토리텔링이 방문객 만족도에 미치는 영향: 브랜드 자산의 매개효과를 중심으로*
The Effects of Service Quality and Storytelling According to the Governance Structure of Local Arts Festival on Visitors' Satisfaction: Focusing on the Mediation Effect of Brand Equity",https://www.kci.go.kr/kciportal/ci/sereArticleSearch/ciSereArtiView.kci?sereArticleSearchBean.artiId=ART002589609,"정지은 /Jung, jieun",: 한국상품학회,"정지은 /Jung, jieun",153-160,0,상품학연구
145,"장애인 문화예술교육의 운영 방안에 관한 사례연구: 일본 하나아트센터와 수원 에이블아트센터를 중심으로
A Case Study on the Management Plan of Culture and Art Education for the Disabled: Focusing on Hana Art Center in Japan and Able Art Center in Suwon",https://www.kci.go.kr/kciportal/ci/sereArticleSearch/ciSereArtiView.kci?sereArticleSearchBean.artiId=ART002549365,박정배 /Jeongbae Park,: 한국상품학회,"정지은 /Jung, jieun",171-180,0,상품학연구
146,"케이팝(K-POP)을 위한 스토리텔링 전략에 관한 연구 : 방탄소년단(BTS)을 중심으로
A Study on Storytelling Strategies for K-POP : Focusing on BTS",https://www.kci.go.kr/kciportal/ci/sereArticleSearch/ciSereArtiView.kci?sereArticleSearchBean.artiId=ART002514654,"정지은 /Jung, jieun",: 한국문화산업학회,"정지은 /Jung, jieun",63-72,0,문화산업연구
147,"지역 문화공간으로서 작은영화관의 현황 및 발전 방향에 관한 연구: 영국 농촌영화관 지원 사례 비교를 중심으로
The Study of Current Status and Development Direction of Small Scale Cinema as the Local Cultural Space: The Case of Rural Cinema Pilot Scheme in the U.K.",https://www.kci.go.kr/kciportal/ci/sereArticleSearch/ciSereArtiView.kci?sereArticleSearchBean.artiId=ART002421850,정인선,: 한국상품학회,"정지은 /Jung, jieun",119-127,0,상품학연구
148,"문화거버넌스 형성을 위한 국제영화제의 운영 방안에 관한 연구: 부산국제영화제와 부천국제판타스틱영화제를 중심으로
A Study on a Plan to Operate International Film Festivals with a View to Forming Cultural Governance : with a Focus on Busan International Film Festival and Bucheon International Fantastic Film Festival",https://www.kci.go.kr/kciportal/ci/sereArticleSearch/ciSereArtiView.kci?sereArticleSearchBean.artiId=ART002245863,"정지은 /Jung, jieun",: 한국상품학회,윤소민 /Yoon Somin,73-81,0,상품학연구
149,0,0,0,0,0,0,0,0
150,0,0,0,0,0,0,0,0
151,0,0,0,0,0,0,0,0
152,0,0,0,0,0,0,0,0
153,0,0,0,0,0,0,0,0
154,0,0,0,0,0,0,0,0
155,0,0,0,0,0,0,0,0
156,0,0,0,0,0,0,0,0
157,0,0,0,0,0,0,0,0
158,0,0,0,0,0,0,0,0
159,0,0,0,0,0,0,0,0
160,0,0,0,0,0,0,0,0
161,0,0,0,0,0,0,0,0
162,0,0,0,0,0,0,0,0
163,0,0,0,0,0,0,0,0
164,0,0,0,0,0,0,0,0
165,0,0,0,0,0,0,0,0
166,0,0,0,0,0,0,0,0
167,0,0,0,0,0,0,0,0
168,0,0,0,0,0,0,0,0
169,0,0,0,0,0,0,0,0
170,0,0,0,0,0,0,0,0
171,0,0,0,0,0,0,0,0
172,0,0,0,0,0,0,0,0
173,0,0,0,0,0,0,0,0
174,0,0,0,0,0,0,0,0
175,0,0,0,0,0,0,0,0
176,0,0,0,0,0,0,0,0
177,0,0,0,0,0,0,0,0
178,0,0,0,0,0,0,0,0
179,0,0,0,0,0,0,0,0
180,0,0,0,0,0,0,0,0
181,0,0,0,0,0,0,0,0
182,0,0,0,0,0,0,0,0
183,0,0,0,0,0,0,0,0
184,0,0,0,0,0,0,0,0
185,0,0,0,0,0,0,0,0
186,0,0,0,0,0,0,0,0
187,0,0,0,0,0,0,0,0
188,"프레임의 상징적 이미지를 통한 캐릭터의 심리묘사와 화면구성의 효과적인 방안 －영화 <몬스터 볼>을 중심으로－
A Study on the Effective Representation of the Character’s Psychological Depiction and Screen Composition through the Symbolic Image of the Frame －Focused on “Moster Ball”－",https://www.kci.go.kr/kciportal/ci/sereArticleSearch/ciSereArtiView.kci?sereArticleSearchBean.artiId=ART002299535,진승현 /SeungHyeon Jin,: 한국영상제작기술학회,진승현 /SeungHyeon Jin,113-128,0,영상기술연구
189,"태권교육 공연이 웹서비스 방송이 결합된 K-POP 태권 한류 콘텐츠 서비스 실현 연구
A Study on the Realization of K-POP Taekwon Korean Wave Content Service Combined with Taekwon Education Performance Web Service Broadcasting",https://www.kci.go.kr/kciportal/ci/sereArticleSearch/ciSereArtiView.kci?sereArticleSearchBean.artiId=ART002381807,진승현 /SeungHyeon Jin,: 한국엔터테인먼트산업학회,진승현 /SeungHyeon Jin,101-111,0,한국엔터테인먼트산업학회논문지
190,"일제강점기 역사 서사를 중심으로 한 스토리텔링의 환경과 그에 따른 문제점과 개선 방안 연구 - 밀정, 암살, 박열, 동주, 군함도 그리고덕혜옹주 중심으로 -
A Study on the Environment of Storytelling Based on the History of Japanese Imperialism and Its Problems and Improvements - Around the Militia, Assassination, The Battleship Island, Anarchist from Colony, Dongju and Princess Deokhye -",https://www.kci.go.kr/kciportal/ci/sereArticleSearch/ciSereArtiView.kci?sereArticleSearchBean.artiId=ART002436366,진승현 /SeungHyeon Jin,: 한국엔터테인먼트산업학회,진승현 /SeungHyeon Jin,1-9,0,한국엔터테인먼트산업학회논문지
191,"영화 속의 메소드연기 연출에 의한 효과적 표현 연구와 응용 방식 연구 –홍상수 영화와 영화 <전주에서 길을 묻다> 제작과정을 중심으로-
A Study on Effective Representation and Applied Method by Acting Method Presentation in Film –Hong Sang Soo Film and Focusing on Film production <The Ask of The Myway in Jeonju>-",https://www.kci.go.kr/kciportal/ci/sereArticleSearch/ciSereArtiView.kci?sereArticleSearchBean.artiId=ART002477724,진승현 /SeungHyeon Jin,: 한국영상제작기술학회,진승현 /SeungHyeon Jin,91-109,0,영상기술연구
192,"영상 속에 나타난 즉흥 연기와 공연 연기에 대한 내면적 서스펜스에 대한 연구 - 영화 “전주에서 길을 묻다 ” 와 홍상수 , 허진호 감독 영화 중심으로 -
A Study on the Internal Suspense of Improvisation and Performance Acting - With the Movie “Ask the Way in Jeonju” Hong Sang-soo, Hur Jin-ho As the Movie Center -",https://www.kci.go.kr/kciportal/ci/sereArticleSearch/ciSereArtiView.kci?sereArticleSearchBean.artiId=ART002565148,진승현 /SeungHyeon Jin,: 한국엔터테인먼트산업학회,진승현 /SeungHyeon Jin,41-50,0,한국엔터테인먼트산업학회논문지
193,"소규모(공연등)공연콘텐츠 활성화를 위한 플랫폼 구축과 현황분석과 효과적인 대안 연구
Build a Platform for Small-Scale Performances, Content and Enable Usage Analysis, and Effective Alternative to Research and Development.",https://www.kci.go.kr/kciportal/ci/sereArticleSearch/ciSereArtiView.kci?sereArticleSearchBean.artiId=ART002538779,진승현 /SeungHyeon Jin,: 한국영상제작기술학회,진승현 /SeungHyeon Jin,43-60,0,영상기술연구
194,"영상제작을 바탕으로 한 실무 중심의 교육의 환경과 그 효과에 따른 실무 중심의 효율적 발전 방안 연구
A Study on Effective Discharge Based on Practice Based on The Environment and Effect of Practical Education Based on Video Production",https://www.kci.go.kr/kciportal/ci/sereArticleSearch/ciSereArtiView.kci?sereArticleSearchBean.artiId=ART002521409,진승현 /SeungHyeon Jin,: 한국엔터테인먼트산업학회,진승현 /SeungHyeon Jin,135-143,0,한국엔터테인먼트산업학회논문지
195,0,0,0,0,0,0,0,0
196,0,0,0,0,0,0,0,0
197,0,0,0,0,0,0,0,0
198,0,0,0,0,0,0,0,0
199,0,0,0,0,0,0,0,0
200,0,0,0,0,0,0,0,0
201,"Thinking of Being in the Perspective of Finitude
유한성을 통한 존재 사유",https://www.kci.go.kr/kciportal/ci/sereArticleSearch/ciSereArtiView.kci?sereArticleSearchBean.artiId=ART001423076,박현정 /Park Hyeon Jeong 1,: 서울대학교 철학사상연구소,박현정 /Park Hyeon Jeong 1,259-325,0,철학사상
202,0,0,0,0,0,0,0,0
203,0,0,0,0,0,0,0,0
204,0,0,0,0,0,0,0,0
205,0,0,0,0,0,0,0,0
206,0,0,0,0,0,0,0,0
207,0,0,0,0,0,0,0,0
208,0,0,0,0,0,0,0,0
209,0,0,0,0,0,0,0,0
210,0,0,0,0,0,0,0,0
211,0,0,0,0,0,0,0,0
212,0,0,0,0,0,0,0,0
213,0,0,0,0,0,0,0,0
214,0,0,0,0,0,0,0,0
215,0,0,0,0,0,0,0,0
216,0,0,0,0,0,0,0,0
217,0,0,0,0,0,0,0,0
218,0,0,0,0,0,0,0,0
219,0,0,0,0,0,0,0,0
220,0,0,0,0,0,0,0,0
221,0,0,0,0,0,0,0,0
222,Preparation of antibacterial chitosan membranes containing silver nanoparticles for dental barrier membrane applications,https://www.kci.go.kr/kciportal/ci/sereArticleSearch/ciSereArtiView.kci?sereArticleSearchBean.artiId=ART002396919,권일근 /Kwon Il Keun,: 한국공업화학회,"['이동현 /Donghyun Lee 1', '이상진 2', '문지회 /Ji-Hoi Moon 3', '김주형 /Joohyung Kim 4', '허동녕 5', '방재범 6', '임호남 /Lim,Ho-Nam 7', '권일근 /Kwon Il Keun (교신)8']",196-202,0,Journal of Industrial and Engineering Chemistry
223,0,0,0,0,0,0,0,0
224,0,0,0,0,0,0,0,0
225,0,0,0,0,0,0,0,0
226,0,0,0,0,0,0,0,0
227,0,0,0,0,0,0,0,0
228,0,0,0,0,0,0,0,0
229,0,0,0,0,0,0,0,0
230,0,0,0,0,0,0,0,0
231,0,0,0,0,0,0,0,0
232,0,0,0,0,0,0,0,0
233,0,0,0,0,0,0,0,0
234,0,0,0,0,0,0,0,0
235,0,0,0,0,0,0,0,0
236,0,0,0,0,0,0,0,0
237,0,0,0,0,0,0,0,0
238,0,0,0,0,0,0,0,0
239,0,0,0,0,0,0,0,0
240,0,0,0,0,0,0,0,0
241,The recyclability of alginate hydrogel particles used as a palladium catalyst support,https://www.kci.go.kr/kciportal/ci/sereArticleSearch/ciSereArtiView.kci?sereArticleSearchBean.artiId=ART002466415,박범준 /Park Bum Jun,: 한국공업화학회,"Ming Xia, 강성민 /Sung-Min Kang, 이고운, 허윤석 /HUH YUN SUK",306-315,0,Journal of Industrial and Engineering Chemistry
242,Generation of multifunctional encoded particles using a tetrapod microneedle injector,https://www.kci.go.kr/kciportal/ci/sereArticleSearch/ciSereArtiView.kci?sereArticleSearchBean.artiId=ART002473681,"김우식 /KIM WOOSIK, 허윤석 /HUH YUN SUK",: 한국공업화학회,"강성민 /Sung-Min Kang, Muruganantham Rethinasabapathy, 이고운, 곽철환 /KWAK CHEOL HWAN, 박범준 /PARK BUMJUN",164-171,0,Journal of Industrial and Engineering Chemistry
243,0,0,0,0,0,0,0,0
244,0,0,0,0,0,0,0,0
245,0,0,0,0,0,0,0,0
246,0,0,0,0,0,0,0,0
247,0,0,0,0,0,0,0,0
248,0,0,0,0,0,0,0,0
249,0,0,0,0,0,0,0,0
250,Customized microfluidic reactor based on droplet formation for the synthesis of monodispersed silver nanoparticles,https://www.kci.go.kr/kciportal/ci/sereArticleSearch/ciSereArtiView.kci?sereArticleSearchBean.artiId=ART002371224,"유태경 /Yu Taekyung, 허윤석 /HUH YUN SUK",: 한국공업화학회,"['곽철환 /KWAK CHEOL HWAN 1', '강성민 /Sung-Min Kang 2', '정의영 /Euiyoung Jung 3', 'Yuvaraj Haldorai 4', '한영규 /Han,Young-Kyu 5', '김우식 /KIM WOOSIK 6', '유태경 /Yu Taekyung (교신)7', '허윤석 /HUH YUN SUK (교신)8']",405-410,0,Journal of Industrial and Engineering Chemistry
251,0,0,0,0,0,0,0,0
252,0,0,0,0,0,0,0,0
253,0,0,0,0,0,0,0,0
254,0,0,0,0,0,0,0,0
255,0,0,0,0,0,0,0,0
256,0,0,0,0,0,0,0,0
257,Quaternary PtRuFeCo nanoparticles supported N-doped graphene as an efficient bifunctional electrocatalyst for low-temperature fuel cells,https://www.kci.go.kr/kciportal/ci/sereArticleSearch/ciSereArtiView.kci?sereArticleSearchBean.artiId=ART002435745,허윤석 /HUH YUN SUK,: 한국공업화학회,"Muruganantham Rethinasabapathy, 강성민 /Sung-Min Kang, Yuvaraj Haldorai, Narendranath Jonna, Manokaran Jankiraman, 이고운, 장성찬 /Sung-Chan Jang, Balasubramanian Natesan, 노창현",285-294,0,Journal of Industrial and Engineering Chemistry
258,0,0,0,0,0,0,0,0
259,0,0,0,0,0,0,0,0
260,0,0,0,0,0,0,0,0
261,0,0,0,0,0,0,0,0
262,0,0,0,0,0,0,0,0
263,0,0,0,0,0,0,0,0
264,0,0,0,0,0,0,0,0
265,0,0,0,0,0,0,0,0
266,0,0,0,0,0,0,0,0
267,0,0,0,0,0,0,0,0
268,0,0,0,0,0,0,0,0
269,0,0,0,0,0,0,0,0
270,0,0,0,0,0,0,0,0
271,0,0,0,0,0,0,0,0
272,0,0,0,0,0,0,0,0
273,0,0,0,0,0,0,0,0
274,0,0,0,0,0,0,0,0
275,0,0,0,0,0,0,0,0
276,0,0,0,0,0,0,0,0
277,0,0,0,0,0,0,0,0
278,0,0,0,0,0,0,0,0
279,0,0,0,0,0,0,0,0
280,0,0,0,0,0,0,0,0
281,0,0,0,0,0,0,0,0
282,0,0,0,0,0,0,0,0
283,0,0,0,0,0,0,0,0
284,0,0,0,0,0,0,0,0
285,0,0,0,0,0,0,0,0
286,0,0,0,0,0,0,0,0
287,0,0,0,0,0,0,0,0
288,0,0,0,0,0,0,0,0
289,0,0,0,0,0,0,0,0
290,0,0,0,0,0,0,0,0
291,0,0,0,0,0,0,0,0
292,0,0,0,0,0,0,0,0
293,0,0,0,0,0,0,0,0
294,0,0,0,0,0,0,0,0
295,0,0,0,0,0,0,0,0
296,0,0,0,0,0,0,0,0
297,0,0,0,0,0,0,0,0
298,0,0,0,0,0,0,0,0
299,"음악장르가 식욕변화에 미치는 영향에 관한 연구
A Study on the Effect of Music Genre on Appetite Change",https://www.kci.go.kr/kciportal/ci/sereArticleSearch/ciSereArtiView.kci?sereArticleSearchBean.artiId=ART002435309,배명진 /BAE MYUNG JIN,: 사단법인 인문사회과학기술융합학회,안익수 /IKSOO AHN,825-835,0,예술인문사회 융합 멀티미디어 논문지
300,"싱잉볼 음향의 특성에 관한 연구
A Study on the Characteristics of Singing Bowl's Sound",https://www.kci.go.kr/kciportal/ci/sereArticleSearch/ciSereArtiView.kci?sereArticleSearchBean.artiId=ART002339004,배명진 /BAE MYUNG JIN,: 사단법인 인문사회과학기술융합학회,"안익수 /IKSOO AHN, 김명숙 /Myungsook Kim",269-276,0,예술인문사회 융합 멀티미디어 논문지
301,"제습기 단점보완을 위한 부가음향 사용에 관한 연구
A Study on the Use of Additional Sound to Compensate the Defects of the Dehumidifier",https://www.kci.go.kr/kciportal/ci/sereArticleSearch/ciSereArtiView.kci?sereArticleSearchBean.artiId=ART002311902,배명진 /BAE MYUNG JIN,: 사단법인 인문사회과학기술융합학회,"안익수 /IKSOO AHN, 이원희 /Won-Hee Lee",409-416,0,예술인문사회 융합 멀티미디어 논문지
302,"한국배우 박보검의 발성 분석
Analysis of Korean actor Park Bo-gum's Vocalization",https://www.kci.go.kr/kciportal/ci/sereArticleSearch/ciSereArtiView.kci?sereArticleSearchBean.artiId=ART002252941,배명진 /BAE MYUNG JIN,: 사단법인 인문사회과학기술융합학회,"배지혜 /Ji Hye Bae, 안익수 /IKSOO AHN",225-232,0,예술인문사회 융합 멀티미디어 논문지
303,0,0,0,0,0,0,0,0
304,0,0,0,0,0,0,0,0
305,0,0,0,0,0,0,0,0
306,0,0,0,0,0,0,0,0
307,0,0,0,0,0,0,0,0
308,0,0,0,0,0,0,0,0
309,0,0,0,0,0,0,0,0
310,0,0,0,0,0,0,0,0
311,0,0,0,0,0,0,0,0
312,0,0,0,0,0,0,0,0
313,0,0,0,0,0,0,0,0
314,0,0,0,0,0,0,0,0
315,"시장 특성이 항공노선 성과에 미치는 영향 : 글로벌 제휴의 조절효과를 중심으로
The Effects of Market Characteristics on Flight Frequency in International Airline Routes: Focusing on the Moderating Effects of Global Alliances",https://www.kci.go.kr/kciportal/ci/sereArticleSearch/ciSereArtiView.kci?sereArticleSearchBean.artiId=ART002280941,"양지연 /YANG， JIYEON, 이윤철 /Yuncheol Lee",: 한국기업경영학회,신태진 /Taejin Shin,1-22,0,기업경영연구
316,"한국기업의 중동지역 진출역사 연구
The Study of Historical Analysis for Korean Companies’ Advances to Middle East Region",https://www.kci.go.kr/kciportal/ci/sereArticleSearch/ciSereArtiView.kci?sereArticleSearchBean.artiId=ART002351419,양지연 /YANG， JIYEON,: 한국경영사학회,김형욱 /Hyung-Wook Kim,25-59,0,경영사연구
317,"중소기업의 혁신활동과 사업성과 극대화 요인의 우선순위 연구
A Study on Priority of Innovation Activity, Business Performance and Maximization Factors of SMEs.",https://www.kci.go.kr/kciportal/ci/sereArticleSearch/ciSereArtiView.kci?sereArticleSearchBean.artiId=ART002316841,김치국 /Chi-Kook Kim,: 한국산학기술학회,김치국 /Chi-Kook Kim,436-446,0,한국산학기술학회논문지
318,"자동차의 제품 속성이 고객 만족도에 미치는 영향: 중국 고객의 브랜드 친숙도를 중심으로
The Effect of Automobile Product Attributes on Customer Satisfactions: Focusing on the Brand Familiarity of Chinese Consumers",https://www.kci.go.kr/kciportal/ci/sereArticleSearch/ciSereArtiView.kci?sereArticleSearchBean.artiId=ART002423617,정양운 /Chung， Yang Woon,: 한국국제경영관리학회,"서지뢰 /ZhiLei Xu, 양지연 /YANG， JIYEON",29-48,0,국제경영리뷰
319,"한국 저가항공사의 효율성 분석 - DEA기법과 재무비율 분석을 중심으로 -
Efficiency Analysis of Low Cost Carriers in Korea - DEA and Financial Ratio Analysis -",https://www.kci.go.kr/kciportal/ci/sereArticleSearch/ciSereArtiView.kci?sereArticleSearchBean.artiId=ART002445878,양지연 /YANG， JIYEON,: 한국항공경영학회,"왕월 /Yue Wang, 이준일 /Lee Joonil",3-23,0,한국항공경영학회지
320,0,0,0,0,0,0,0,0
321,"중소기업을 대상으로 한 개방형 혁신과 수출성과에 대한 정부지원의 효과에 관한 실증연구
An Empirical Study on the Effect of Government Support on Open Innovation and Export Performance for SMEs",https://www.kci.go.kr/kciportal/ci/sereArticleSearch/ciSereArtiView.kci?sereArticleSearchBean.artiId=ART002487127,노태우 /Taewoo Roh,: 한국무역학회,양지연 /YANG， JIYEON,73-84,0,무역학회지
322,"중국 기업의 사업경험과 인수대상 산업특성이 글로벌 인수합병 국가 선택에 미치는 영향
The Effect of EMNEs’ Business Experience and Industry Characteristics on the Choice of International M&As",https://www.kci.go.kr/kciportal/ci/sereArticleSearch/ciSereArtiView.kci?sereArticleSearchBean.artiId=ART002485557,노태우 /Taewoo Roh,: 한국무역연구원,양지연 /YANG， JIYEON,491-505,0,무역연구
323,"정과 사랑을 돌려주는 작은 외교관: 오리온 초코파이의 베트남 시장 현지화 전략
Global Business Diplomat For Affection and Love: Localization Strategy of Orion’s Choco Pie in Vietnam",https://www.kci.go.kr/kciportal/ci/sereArticleSearch/ciSereArtiView.kci?sereArticleSearchBean.artiId=ART002512693,노태우 /Taewoo Roh,: 한국국제경영관리학회,양지연 /YANG， JIYEON,93-113,0,국제경영리뷰
324,0,0,0,0,0,0,0,0
325,0,0,0,0,0,0,0,0
326,0,0,0,0,0,0,0,0
327,0,0,0,0,0,0,0,0
328,0,0,0,0,0,0,0,0
329,0,0,0,0,0,0,0,0
330,Cytochrome C-decorated graphene field-effect transistor for highly sensitive hydrogen peroxide detection,https://www.kci.go.kr/kciportal/ci/sereArticleSearch/ciSereArtiView.kci?sereArticleSearchBean.artiId=ART002568636,"Seon Joo Park, Oh Seok Kwon",: 한국공업화학회,"Sang Hun Lee, Kyung Ho Kim, Sung Eun Seo, Mun il Kim",29-34,0,Journal of Industrial and Engineering Chemistry
331,Plasmonic and charging effects in dye-sensitized solar cells with Au nanoparticles incorporated into the channels of freestanding TiO2 nanotube arrays by an electrodeposition method,https://www.kci.go.kr/kciportal/ci/sereArticleSearch/ciSereArtiView.kci?sereArticleSearchBean.artiId=ART002542402,"전봉현 /Bong-Hyun Jun, 노원엽 /Rho Won-Yeop",: 한국공업화학회,"양화영, 이상훈 /Sang Hoon Lee, 김형모 /Hyungmo Kim, Xuan-Hung Pham, 함은일 /Hahm Eunil, 강은지 /Eun Ji Kang, 김태한 /Kim Tae Han, 하유나 /Yuna Ha",311-317,0,Journal of Industrial and Engineering Chemistry
332,0,0,0,0,0,0,0,0
333,0,0,0,0,0,0,0,0
334,0,0,0,0,0,0,0,0
335,0,0,0,0,0,0,0,0
336,Advances in dynamic microphysiological organ-on-a-chip: Design principle and its biomedical application,https://www.kci.go.kr/kciportal/ci/sereArticleSearch/ciSereArtiView.kci?sereArticleSearchBean.artiId=ART002467297,전봉현 /Bong-Hyun Jun,: 한국공업화학회,이상훈,65-77,0,Journal of Industrial and Engineering Chemistry
337,0,0,0,0,0,0,0,0
338,Age-Related Deficits in the Processing of Fundamental Frequency Differences for the Intelligibility of Competing Voices,https://www.kci.go.kr/kciportal/ci/sereArticleSearch/ciSereArtiView.kci?sereArticleSearchBean.artiId=ART001969933,이재희 /Lee Jae Hee 1,: 대한청각학회,이재희 /Lee Jae Hee 1,1-8,0,Journal of Audiology & Otology
339,0,0,0,0,0,0,0,0
340,0,0,0,0,0,0,0,0
341,0,0,0,0,0,0,0,0
342,0,0,0,0,0,0,0,0
343,0,0,0,0,0,0,0,0
344,0,0,0,0,0,0,0,0
345,0,0,0,0,0,0,0,0
346,0,0,0,0,0,0,0,0
347,0,0,0,0,0,0,0,0
348,0,0,0,0,0,0,0,0
349,0,0,0,0,0,0,0,0
350,0,0,0,0,0,0,0,0
351,"광고 콘텐츠의 창의성이 인지종결 지연욕구와 광고태도에 미치는 영향 - 비유창성의 매개효과를 중심으로
The Effect of Advertising Content Creativity on Desire to Postpone Cognitive Closure and Ad Attitude - Focusing on the Mediating Effect of Disfluency",https://www.kci.go.kr/kciportal/ci/sereArticleSearch/ciSereArtiView.kci?sereArticleSearchBean.artiId=ART002302644,유승철 /Seung-Chul Yoo,: 한국콘텐츠학회,박현정 /PARK HYUN JUNG,339-356,0,한국콘텐츠학회 논문지
352,0,0,0,0,0,0,0,0
353,"이미지 기반 소셜 미디어에서브랜디드 콘텐츠의 전략적 모호성광고 효과에 관한 연구: 해시태그 유무에 따른 효과, 개념 유창성의 매개효과, 제품 유형 및 포스팅 주체에 따른 조절효과를 중심으로
A Study on the Strategic Ambiguity of Branded Content in Visual Image based Social Media",https://www.kci.go.kr/kciportal/ci/sereArticleSearch/ciSereArtiView.kci?sereArticleSearchBean.artiId=ART002457111,유승철 /Seung-Chul Yoo,: 한국광고홍보학회,박현정 /PARK HYUN JUNG,5-48,0,광고연구
354,"중국 광고학 연구의 탐색적 고찰 : 광고연구(广告研究)에 게재된 통합적 마케팅 커뮤니케이션(IMC) 문헌 분석을 중심으로
An Exploratory Study of Advertising Research in China: Content Analysis of Chinese Journal of Advertising Study in terms of Integrated Marketing Communications (IMC)",https://www.kci.go.kr/kciportal/ci/sereArticleSearch/ciSereArtiView.kci?sereArticleSearchBean.artiId=ART002254211,유종숙 /Yoo Jong Sook,: 한국OOH광고학회,"김나미 /Tae Eun Kim, 고한준 /Ko， Hanjun",34-52,0,OOH광고학연구
355,"뮤지컬 광고커뮤니케이션이 관객의 관람태도, 관람의도 및 재관람의도에 미치는 영향
The Effect of Musical Advertising Communication on Audience Attention, Intention and Revisit Intention",https://www.kci.go.kr/kciportal/ci/sereArticleSearch/ciSereArtiView.kci?sereArticleSearchBean.artiId=ART002549603,김나미 /Tae Eun Kim,: 한국엔터테인먼트산업학회,김설화,281-290,0,한국엔터테인먼트산업학회논문지
356,"CSR광고의 모델속성이 기업태도에 미치는 인과모형분석: 메시지 진정성 매개효과
Analysis of Causal Model Attributes of Model Affects to Corporate Attitudes in CSR Advertising: Message authenticity mediation effect",https://www.kci.go.kr/kciportal/ci/sereArticleSearch/ciSereArtiView.kci?sereArticleSearchBean.artiId=ART002355317,유승엽 /SeungYeob Yu,: 한국디지털정책학회,김나미 /Nami Kim,53-61,0,디지털융복합연구
357,"디지털 콘텐츠 유형과 광고효과의 관계에 관한 연구: DOOH 콘텐츠의 창의성, 호기심, 인게이지먼트를 중심으로
A Study on the Effect of Advertising in Digital content Types : Focused on Creativity, Curiosity and Engagement of DOOH Contents",https://www.kci.go.kr/kciportal/ci/sereArticleSearch/ciSereArtiView.kci?sereArticleSearchBean.artiId=ART002375542,김민정 /Kim Min Jung,: 한국OOH광고학회,"박진우 /PARK JINWOO, 김나미 /Tae Eun Kim",5-30,0,OOH광고학연구
358,0,0,0,0,0,0,0,0
359,0,0,0,0,0,0,0,0
360,0,0,0,0,0,0,0,0
361,0,0,0,0,0,0,0,0
362,0,0,0,0,0,0,0,0
363,Method Validation by CPTAC Guidelines for Multi-protein Marker Assays Using Multiple Reaction Monitoring-mass Spectrometry,https://www.kci.go.kr/kciportal/ci/sereArticleSearch/ciSereArtiView.kci?sereArticleSearchBean.artiId=ART002467129,Youngsoo Kim,: 한국생물공학회,"Minsoo Son, Hyunsoo Kim, Injoon Yeo, Yoseop Kim, Areum Sohn",343-358,0,Biotechnology and Bioprocess Engineering
364,0,0,0,0,0,0,0,0
365,0,0,0,0,0,0,0,0
366,0,0,0,0,0,0,0,0
367,0,0,0,0,0,0,0,0
368,0,0,0,0,0,0,0,0
369,0,0,0,0,0,0,0,0
370,0,0,0,0,0,0,0,0
371,0,0,0,0,0,0,0,0
372,"수원 화성이 가지고 있는 교육성, 역사성, 관광성이 방문의도에 미치는 영향에 관한 연구
A Study on the Influence of Educational, Historical, and Tourism Characteristics of Suwon Hwaseong on Visiting Intention",https://www.kci.go.kr/kciportal/ci/sereArticleSearch/ciSereArtiView.kci?sereArticleSearchBean.artiId=ART002556416,이지훈 /Lee Ji Hun,: 한국엔터테인먼트산업학회,이지훈 /Lee Ji Hun,61-73,0,한국엔터테인먼트산업학회논문지
373,"IPA분석을 통한 울산의 체류형 관광 활성화 방안 연구
A Study for Promotion of the Stay Type Tourism in Ulsan by IPA Analysis Techniques",https://www.kci.go.kr/kciportal/ci/sereArticleSearch/ciSereArtiView.kci?sereArticleSearchBean.artiId=ART002549497,이지훈 /Lee Ji Hun,: 한국엔터테인먼트산업학회,"유영준 /You Young-Jun, 정윤조 /Jeong Yoonjo",1-12,0,한국엔터테인먼트산업학회논문지
374,"아동 Jewelry 제품에 대한 가치, 디자인, 가격, 추천이 소비자 구매의 심리적 특성에 미치는 영향에 관한 연구
A Study on the Influence of Value, Design, Price, and Recommendation on Children’s Jewelry Products on the Psychological Characteristics of Consumer Purchasing",https://www.kci.go.kr/kciportal/ci/sereArticleSearch/ciSereArtiView.kci?sereArticleSearchBean.artiId=ART002521401,박태경 /Tae-Kyung Park,: 한국엔터테인먼트산업학회,이지훈 /Lee Ji Hun,75-85,0,한국엔터테인먼트산업학회논문지
375,"영화제작요소와 프로모션이 영화 인지 및 관람의도에 미치는 영향에 관한 연구
A Study on the Influence of Filmmaking Factors and Promotions on the Intention of Watching Movies",https://www.kci.go.kr/kciportal/ci/sereArticleSearch/ciSereArtiView.kci?sereArticleSearchBean.artiId=ART002521402,김희균 /Hee-Kyun Kim,: 한국엔터테인먼트산업학회,이지훈 /Lee Ji Hun,87-97,0,한국엔터테인먼트산업학회논문지
376,"게임에서 제시되는 폭력성 모방이 스트레스 해소, 정체성 혼란과 게임중독에 미치는 영향에 관한 연구
A Study on the Effects of Violence Imitation in Games on Stress Reduction, Identity Confusion and Game Addiction",https://www.kci.go.kr/kciportal/ci/sereArticleSearch/ciSereArtiView.kci?sereArticleSearchBean.artiId=ART002402820,정명복,: 한국엔터테인먼트산업학회,이지훈 /Lee Ji Hun,73-85,0,한국엔터테인먼트산업학회논문지
377,"지역 축제 활성화를 위한 정책마련 연구- 충북지역 문화 정책을 중심으로 -
A Policy Study to Promote Local Festivals - Focusing on Cultural Policy in Chungbuk Region -",https://www.kci.go.kr/kciportal/ci/sereArticleSearch/ciSereArtiView.kci?sereArticleSearchBean.artiId=ART002365098,이지훈 /Lee Ji Hun,: 한국엔터테인먼트산업학회,이지훈 /Lee Ji Hun,57-68,0,한국엔터테인먼트산업학회논문지
378,"온라인 게임 규제 정책이 게임 산업에 미치는 영향에 관한 연구
A Study on the Influence of Online Game Regulation Policy on the Game Industry",https://www.kci.go.kr/kciportal/ci/sereArticleSearch/ciSereArtiView.kci?sereArticleSearchBean.artiId=ART002365200,이지훈 /Lee Ji Hun,: 한국엔터테인먼트산업학회,이지훈 /Lee Ji Hun,363-371,0,한국엔터테인먼트산업학회논문지
379,"미디어 콘텐츠영향에 의한 지역 관광활성화 정책 연구
A Study on Local Tourism Activation Policy by Influence of Media Contents",https://www.kci.go.kr/kciportal/ci/sereArticleSearch/ciSereArtiView.kci?sereArticleSearchBean.artiId=ART002345076,이지훈 /Lee Ji Hun,: 한국엔터테인먼트산업학회,이지훈 /Lee Ji Hun,353-363,0,한국엔터테인먼트산업학회논문지
380,"직무교육․훈련프로그램이 업무효율성 및 직무만족에 미치는 영향에 관한 연구 -청주지역 중견 및 대기업의 직무만족을 중심으로-
A Study on the Effects of Job Education and Training Program on task Efficiency and Job Satisfaction -Focused on job satisfaction of midsize and large businesses in Cheongju-",https://www.kci.go.kr/kciportal/ci/sereArticleSearch/ciSereArtiView.kci?sereArticleSearchBean.artiId=ART002339331,강준모 /Jun-Mo Kang,: 중소기업융합학회,이지훈 /Lee Ji Hun,171-181,0,융합정보논문지
381,"공연 컨텐츠, 공연장 내부시설, 배우 캐스팅이 공연관람 및 재관람 의도에 미치는 영향에 관한 연구-소공연장을 중심으로-
A Study on the Influence on Performance Visits and Re-viewing Intention of Performance Contents, Facilities in the Performance Hall, and Actor Casting - Focusing on little theater -",https://www.kci.go.kr/kciportal/ci/sereArticleSearch/ciSereArtiView.kci?sereArticleSearchBean.artiId=ART002281405,이지훈 /Lee Ji Hun,: 한국엔터테인먼트산업학회,이지훈 /Lee Ji Hun,397-406,0,한국엔터테인먼트산업학회논문지
382,"캐릭터 스토리의 독창성과 캐릭터의 매력성 및 친근성이 캐릭터 제품 선호도에 미치는 영향에 관한 연구
A Study on the Effect of Character Story Originality, Character Attractiveness and Affinity on Character Product Preference",https://www.kci.go.kr/kciportal/ci/sereArticleSearch/ciSereArtiView.kci?sereArticleSearchBean.artiId=ART002258997,이지훈 /Lee Ji Hun,: 한국엔터테인먼트산업학회,이지훈 /Lee Ji Hun,47-56,0,한국엔터테인먼트산업학회논문지
383,"게임광고 모델의 매력성, 부합성, 존경성이 게임광고 신뢰성 및 인지, 게임구매의도에 미치는 영향에 관한 연구
A Study on the Influence of Attractiveness, Compatibility, and Respectiveness of Game Advertising Model on Game Advertising Reliability, Perception, and Purchase Intention of Game",https://www.kci.go.kr/kciportal/ci/sereArticleSearch/ciSereArtiView.kci?sereArticleSearchBean.artiId=ART002248688,이지훈 /Lee Ji Hun,: 한국엔터테인먼트산업학회,이지훈 /Lee Ji Hun,311-320,0,한국엔터테인먼트산업학회논문지
384,"매체 홍보를 통한 ‘제주 해녀’ 스토리텔링의 감정적 애착 형성과정 연구
A Study of Emotional Attachment Formation Process by Jeju Haenyeo's Storytelling through Media Promotion",https://www.kci.go.kr/kciportal/ci/sereArticleSearch/ciSereArtiView.kci?sereArticleSearchBean.artiId=ART002239538,이지훈 /Lee Ji Hun,: 한국엔터테인먼트산업학회,김윤정 /Yun Jeong Kim,285-295,0,한국엔터테인먼트산업학회논문지
385,"기업 내 커뮤니케이션 형태가 업무성과에 미치는 영향에 관한 연구
A Study on the Impact of Corporate Communication on Work Performance",https://www.kci.go.kr/kciportal/ci/sereArticleSearch/ciSereArtiView.kci?sereArticleSearchBean.artiId=ART002507472,백채환,: 한국산업경영시스템학회,이지훈 /Lee Ji Hun,242-251,0,한국산업경영시스템학회지
386,0,0,0,0,0,0,0,0
387,0,0,0,0,0,0,0,0
388,0,0,0,0,0,0,0,0
389,0,0,0,0,0,0,0,0
390,0,0,0,0,0,0,0,0
391,0,0,0,0,0,0,0,0
392,0,0,0,0,0,0,0,0
393,0,0,0,0,0,0,0,0
394,0,0,0,0,0,0,0,0
395,0,0,0,0,0,0,0,0
396,0,0,0,0,0,0,0,0
397,0,0,0,0,0,0,0,0
398,0,0,0,0,0,0,0,0
399,0,0,0,0,0,0,0,0
400,0,0,0,0,0,0,0,0
401,0,0,0,0,0,0,0,0
402,0,0,0,0,0,0,0,0
403,0,0,0,0,0,0,0,0
404,0,0,0,0,0,0,0,0
405,"유럽연합(EU)의 상호문화학습 정책배경과 전략적 함의
EU’s Intercultural Learning Policy and Its Strategic Implications",https://www.kci.go.kr/kciportal/ci/sereArticleSearch/ciSereArtiView.kci?sereArticleSearchBean.artiId=ART002449732,"홍종열 /Hong, Jong Youl",: 충남대학교 인문과학연구소,"홍종열 /Hong, Jong Youl",263-290,0,인문학연구
406,"글로벌 소통 능력을 위한 리버모어의 문화지능(CQ) 향상 전략과 과제
Strategies and Tasks for Improving Livermore’s Cultural Intelligence(CQ) for Global Communication Capabilities",https://www.kci.go.kr/kciportal/ci/sereArticleSearch/ciSereArtiView.kci?sereArticleSearchBean.artiId=ART002378923,"홍종열 /Hong, Jong Youl",: 글로벌 문화콘텐츠학회,"홍종열 /Hong, Jong Youl",151-168,0,글로벌문화콘텐츠
407,"Planning of Creative City Project based on Storytelling: A Case Study of Tallinn, European Capital of Culture
스토리텔링에 기반한 창조도시 프로젝트 기획: 유럽문화수도 탈린을 중심으로",https://www.kci.go.kr/kciportal/ci/sereArticleSearch/ciSereArtiView.kci?sereArticleSearchBean.artiId=ART002236825,"홍종열 /Hong, Jong Youl",: 글로벌 문화콘텐츠학회,"홍종열 /Hong, Jong Youl",205-221,0,글로벌문화콘텐츠
408,0,0,0,0,0,0,0,0
409,0,0,0,0,0,0,0,0
410,0,0,0,0,0,0,0,0
411,0,0,0,0,0,0,0,0
412,0,0,0,0,0,0,0,0
413,"영화 모비딕에 나타난 미국문화 연구
John Huston’s Moby-Dick as educational material on American culture",https://www.kci.go.kr/kciportal/ci/sereArticleSearch/ciSereArtiView.kci?sereArticleSearchBean.artiId=ART001715629,김옥례 /Ok Rae Kim 1,: 영상영어교육학회,김옥례 /Ok Rae Kim 1,57-72,0,영상영어교육(STEM Journal)
414,0,0,0,0,0,0,0,0
415,0,0,0,0,0,0,0,0
416,0,0,0,0,0,0,0,0
417,0,0,0,0,0,0,0,0
418,0,0,0,0,0,0,0,0
419,"모바일 헬스케어 서비스 사용의도에 미치는 자아신념과 건강증진행동에 대한 신념의 영향 연구
Influence of Locus of Control and Belief in Health Promotion Behavior on the Intention to Use Mobile Healthcare Services",https://www.kci.go.kr/kciportal/ci/sereArticleSearch/ciSereArtiView.kci?sereArticleSearchBean.artiId=ART002462608,이의훈,: 한국마케팅관리학회,"배혜윤 /Bae Hye Yoon, 조상현",55-71,0,마케팅관리연구
420,0,0,0,0,0,0,0,0
421,0,0,0,0,0,0,0,0
422,0,0,0,0,0,0,0,0
423,0,0,0,0,0,0,0,0
424,0,0,0,0,0,0,0,0
425,0,0,0,0,0,0,0,0
426,0,0,0,0,0,0,0,0
427,0,0,0,0,0,0,0,0
428,0,0,0,0,0,0,0,0
429,0,0,0,0,0,0,0,0
430,0,0,0,0,0,0,0,0
431,0,0,0,0,0,0,0,0
432,0,0,0,0,0,0,0,0
433,0,0,0,0,0,0,0,0
434,0,0,0,0,0,0,0,0
435,0,0,0,0,0,0,0,0
436,0,0,0,0,0,0,0,0
437,0,0,0,0,0,0,0,0
438,0,0,0,0,0,0,0,0
439,0,0,0,0,0,0,0,0
440,0,0,0,0,0,0,0,0
441,0,0,0,0,0,0,0,0
442,0,0,0,0,0,0,0,0
443,0,0,0,0,0,0,0,0
444,0,0,0,0,0,0,0,0
445,0,0,0,0,0,0,0,0
446,0,0,0,0,0,0,0,0
447,0,0,0,0,0,0,0,0
448,0,0,0,0,0,0,0,0
449,"머신러닝 기반의 C2 시스템 추상화를 통한 C3 복합체계에서의 시뮬레이션 기반 통신 시스템 분석
Simulation-Based Analysis of C System in C3 System of Systems Via Machine-Learning Based Abstraction of C2 System",https://www.kci.go.kr/kciportal/ci/sereArticleSearch/ciSereArtiView.kci?sereArticleSearchBean.artiId=ART002327095,0,: 한국시뮬레이션학회,"강봉구 /Bong Gu Kang, 서경민 /Kyung-Min Seo, 김병수 /Byeong Soo Kim, 김탁곤 /Tag Gon Kim",61-73,0,한국시뮬레이션학회 논문지
450,"DEVS 형식론 기반의 재겨냥성 하둡 시뮬레이션 환경 개발
Development of Retargetable Hadoop Simulation EnvironmentBased on DEVS Formalism",https://www.kci.go.kr/kciportal/ci/sereArticleSearch/ciSereArtiView.kci?sereArticleSearchBean.artiId=ART002295203,0,: 한국시뮬레이션학회,"김병수 /Byeong Soo Kim, 강봉구 /Bong Gu Kang, 김탁곤 /Tag Gon Kim, 송해상 /Hae Sang Song",51-61,0,한국시뮬레이션학회 논문지
451,0,0,0,0,0,0,0,0
452,0,0,0,0,0,0,0,0
453,0,0,0,0,0,0,0,0
454,0,0,0,0,0,0,0,0
455,0,0,0,0,0,0,0,0
456,0,0,0,0,0,0,0,0
457,0,0,0,0,0,0,0,0
458,0,0,0,0,0,0,0,0
459,0,0,0,0,0,0,0,0
460,0,0,0,0,0,0,0,0
461,0,0,0,0,0,0,0,0
462,0,0,0,0,0,0,0,0
463,"음향적 흐름을 이용한 혈액형 분석을 위한 새로운 방법
A novel Method for Blood Typing using Acoustic Streaming",https://www.kci.go.kr/kciportal/ci/sereArticleSearch/ciSereArtiView.kci?sereArticleSearchBean.artiId=ART002419481,"남정훈 /Jeonghun Nam, 임채승",: 대한의용생체공학회,"최현주 /CHOI HYUN JOO, 장웅식 /Woong Sik Jang",250-255,0,의공학회지
464,"전도성 액체기반 정상표면탄성파(CL-SSAW)를 이용한 백혈구로부터의 말라리아 기생충 분리
Malaria Parasite Separation from White Blood Cells Using Conductive Liquid-Based Standing Surface Acoustic Wave (CL-SSAW)",https://www.kci.go.kr/kciportal/ci/sereArticleSearch/ciSereArtiView.kci?sereArticleSearchBean.artiId=ART002517379,"남정훈 /Jeonghun Nam, 임채승 /LIM CHAE SEUNG",: 대한의용생체공학회,지현슬 /Hyunseul Jee,151-157,0,의공학회지
465,0,0,0,0,0,0,0,0
466,0,0,0,0,0,0,0,0
467,0,0,0,0,0,0,0,0
468,0,0,0,0,0,0,0,0
469,0,0,0,0,0,0,0,0
470,0,0,0,0,0,0,0,0
471,0,0,0,0,0,0,0,0
472,0,0,0,0,0,0,0,0
473,0,0,0,0,0,0,0,0
474,0,0,0,0,0,0,0,0
475,0,0,0,0,0,0,0,0
476,0,0,0,0,0,0,0,0
477,0,0,0,0,0,0,0,0
478,0,0,0,0,0,0,0,0
479,0,0,0,0,0,0,0,0
480,0,0,0,0,0,0,0,0
481,0,0,0,0,0,0,0,0
482,0,0,0,0,0,0,0,0
483,0,0,0,0,0,0,0,0
484,0,0,0,0,0,0,0,0
485,0,0,0,0,0,0,0,0
486,0,0,0,0,0,0,0,0
487,0,0,0,0,0,0,0,0
488,0,0,0,0,0,0,0,0
489,0,0,0,0,0,0,0,0
490,0,0,0,0,0,0,0,0
491,0,0,0,0,0,0,0,0
492,0,0,0,0,0,0,0,0
493,0,0,0,0,0,0,0,0
494,0,0,0,0,0,0,0,0
495,0,0,0,0,0,0,0,0
496,0,0,0,0,0,0,0,0
497,"가치-태도-행동 모델에 기반한 공유숙박에 대한 소비자행동의 이해: 에어비앤비 서비스를 중심으로
Understanding Consumer Behavior on Shared Accommodation Based on Value-Attitude-Behavior Hierarchy Model: Focusing on Airbnb",https://www.kci.go.kr/kciportal/ci/sereArticleSearch/ciSereArtiView.kci?sereArticleSearchBean.artiId=ART002365966,양수진 /Su Jin Yang,: 한국소비문화학회,안성숙 /Ahn Sungsook,97-119,0,소비문화연구
498,"서비스 진정성이 고객만족과 구전 및 재이용의도에 미치는 영향- 항공사 서비스를 중심으로 -
The Effect of Service Authenticity on Customer Satisfaction and Word-of-Mouth and Reuse Intentions - Focused on Airline Services -",https://www.kci.go.kr/kciportal/ci/sereArticleSearch/ciSereArtiView.kci?sereArticleSearchBean.artiId=ART002324486,안성숙 /Sung-sook Ahn,: 한국항공경영학회,안성숙 /Sung-sook Ahn,91-105,0,한국항공경영학회지
499,"중소기업의 신제품개발 관련 흡수역량이신제품 성과에 미치는 영향
Influence of Absorption Capacity of SMEs on New Product Development Performance",https://www.kci.go.kr/kciportal/ci/sereArticleSearch/ciSereArtiView.kci?sereArticleSearchBean.artiId=ART002428569,안성숙,: 서비스마케팅학회,김동태 /kim dong tae,17-26,0,서비스마케팅저널
500,"여행객의 보유 자원유형이 지각된 공항면세점 쇼핑가치에 미치는 영향 - 출국경험의 조절효과를 중심으로 -
The Effects of Airport Users’ Type of Resources on the Perceived Shopping Values at Airport Duty-Free Shops - Focusing on the Moderating Role of Experience of Departure -",https://www.kci.go.kr/kciportal/ci/sereArticleSearch/ciSereArtiView.kci?sereArticleSearchBean.artiId=ART002586150,김동태 /kim dong tae,: 한국항공경영학회,"안성숙 /Sung-sook Ahn, 김문섭 /Kim， Moon-Seop",107-121,0,한국항공경영학회지
501,The Role of CSR Proximity and Psychological Distance as a Marketing Strategy,https://www.kci.go.kr/kciportal/ci/sereArticleSearch/ciSereArtiView.kci?sereArticleSearchBean.artiId=ART002264935,안성숙 /Sung-sook Ahn,: 한국유통과학회,"김동태 /kim dong tae, 김문섭 /Kim， Moon-Seop",75-83,0,유통과학연구
502,0,0,0,0,0,0,0,0
503,0,0,0,0,0,0,0,0
504,0,0,0,0,0,0,0,0
505,0,0,0,0,0,0,0,0
506,0,0,0,0,0,0,0,0
507,0,0,0,0,0,0,0,0
508,0,0,0,0,0,0,0,0
509,0,0,0,0,0,0,0,0
510,0,0,0,0,0,0,0,0
511,0,0,0,0,0,0,0,0
512,0,0,0,0,0,0,0,0
513,0,0,0,0,0,0,0,0
514,0,0,0,0,0,0,0,0
515,0,0,0,0,0,0,0,0
516,0,0,0,0,0,0,0,0
517,0,0,0,0,0,0,0,0
518,0,0,0,0,0,0,0,0
519,Enzymatic modification of daidzin using heterologously expressed amylosucrase in Bacillus subtilis,https://www.kci.go.kr/kciportal/ci/sereArticleSearch/ciSereArtiView.kci?sereArticleSearchBean.artiId=ART002438551,박천석 /Cheon-Seok Park,: 한국식품과학회,"김은령 /Eun-Ryoung Kim, 라찬수 /Chan-Su Rha, 정영성 /Young Sung Jung, 최정민 /Jung-Min Choi, 김기태 /kim gi tae, 정동현 /Dong-Hyun Jung, 김태집 /Kim， Tae-Jip, 서동호 /Dong-Ho Seo, 김대옥 /Kim Dae-Ok",165-174,0,Food Science and Biotechnology
520,0,0,0,0,0,0,0,0
521,0,0,0,0,0,0,0,0
522,0,0,0,0,0,0,0,0
523,"음용 조건으로 추출한 티백 형태 순수 녹차의 카테킨 함량 및 산화방지능
Effects of commonly used infusion method on catechin content and antioxidant capacities of pure green tea packaged in tea bags",https://www.kci.go.kr/kciportal/ci/sereArticleSearch/ciSereArtiView.kci?sereArticleSearchBean.artiId=ART002492921,김대옥 /Kim Dae-Ok,: 한국식품과학회,"김미선 /Mi-Seon Kim, 라찬수 /Chan-Su Rha",356-360,0,한국식품과학회지
524,"청도반시(Diospyros kaki Thunb. cv. Cheongdo-Bansi) 탈삽 껍질 추출물의 산화스트레스로부터 PC-12 신경세포 보호 효과
Neuroprotective effects of astringency-removed peel extracts of Diospyros kaki Thunb. cv. Cheongdo-Bansi on oxidatively-stressed PC-12 cells",https://www.kci.go.kr/kciportal/ci/sereArticleSearch/ciSereArtiView.kci?sereArticleSearchBean.artiId=ART002277595,김대옥 /Kim Dae-Ok,: 한국식품과학회,"정다울 /jeong da wool, 조치흥 /Cho-ChiHeung, 라찬수, 이승환 /Seung-Hwan Lee",538-543,0,한국식품과학회지
525,0,0,0,0,0,0,0,0
526,0,0,0,0,0,0,0,0
527,0,0,0,0,0,0,0,0
528,0,0,0,0,0,0,0,0
529,0,0,0,0,0,0,0,0
530,0,0,0,0,0,0,0,0
531,0,0,0,0,0,0,0,0
532,0,0,0,0,0,0,0,0
533,"일터 내 자기주도학습과 한국의 노동교육: 노동조합교육 법제화에 대한 함의
Self-Directed Learning in the Workplace and Labor Education in South Korea: Implications for Legislation on Trade Union Education",https://www.kci.go.kr/kciportal/ci/sereArticleSearch/ciSereArtiView.kci?sereArticleSearchBean.artiId=ART002571256,0,: 한국콘텐츠학회,"오정록 /Jeong Rok Oh, 박조현 /Cho Hyun Park",131-148,0,한국콘텐츠학회 논문지
534,0,0,0,0,0,0,0,0
535,The Diffusion of ISO 14001 in a Developmental State: The Case of Korea,https://www.kci.go.kr/kciportal/ci/sereArticleSearch/ciSereArtiView.kci?sereArticleSearchBean.artiId=ART002499084,0,: 경남대학교 극동문제연구소,"백경민 /Kyungmin Baek, 오정록 /Jeong Rok Oh",505-532,0,Asian Perspective
536,0,0,0,0,0,0,0,0
537,0,0,0,0,0,0,0,0
538,0,0,0,0,0,0,0,0
539,0,0,0,0,0,0,0,0
540,0,0,0,0,0,0,0,0
541,0,0,0,0,0,0,0,0
542,0,0,0,0,0,0,0,0
543,0,0,0,0,0,0,0,0
544,0,0,0,0,0,0,0,0
545,0,0,0,0,0,0,0,0
546,0,0,0,0,0,0,0,0
547,"수출중소기업의 시장지향성, 브랜딩역량 및 신제품개발역량이 수출시장에서의 경쟁우위에 미치는 영향: 기업유형간 비교를 중심으로
The Influences of Market Orientation, Branding Capability and New Product Development Capability on Export Competitive Advantage: A Comparison of Industrial- and Consumer-Good Small and Medium-Sized Enterprises",https://www.kci.go.kr/kciportal/ci/sereArticleSearch/ciSereArtiView.kci?sereArticleSearchBean.artiId=ART002255020,정재은 /CHUNG， JAE EUN,: 한국국제경영학회,"이유림 /Yu Lim Lee, 정소원 /So Won Jeong",69-100,0,국제경영연구
548,"수출중소기업의 정부기술지원 활용도와 혁신역량이 국제화수준에 미치는 영향: 산업유형의 조절효과를 중심으로
The Influences of Utilization of Government Technological Support and Technological Capabilities on SME’s Internalization: The Moderating Effect of Industry Types",https://www.kci.go.kr/kciportal/ci/sereArticleSearch/ciSereArtiView.kci?sereArticleSearchBean.artiId=ART002287499,정재은 /CHUNG， JAE EUN,: 한국생산관리학회,"이유림 /Yu Lim Lee, 정소원 /So Won Jeong",363-390,0,한국생산관리학회지
549,"한국 제약 기업의 국제 특허 활동 고찰: 기업 규모별 비교를 중심으로
An Examination of International Patenting of Korean Pharmaceutical Firms: Focusing on Firm Size",https://www.kci.go.kr/kciportal/ci/sereArticleSearch/ciSereArtiView.kci?sereArticleSearchBean.artiId=ART002319380,최순규 /Choe Soonkyoo,: 한국경영사학회,"문희진 /Hee Jin Mun, 정재은 /CHUNG， JAE EUN, 정소원 /So Won Jeong",69-94,0,경영사연구
550,"Social Capital and Technology Alliance Performance of Korean Exporting SMEs
한국 수출 중소기업의 사회자본과 기술제휴성과",https://www.kci.go.kr/kciportal/ci/sereArticleSearch/ciSereArtiView.kci?sereArticleSearchBean.artiId=ART002351315,정재은 /CHUNG， JAE EUN,: 한국생산관리학회,"정소원 /So Won Jeong, 최순규 /Choe Soonkyoo, 문희진 /Hee Jin Mun",245-259,0,한국생산관리학회지
551,"홈쇼핑 기업과 소비재 중소기업의 해외 동반진출에 관한 사례연구
A Case Study on Joint Overseas Expansion of Home shopping Firm and Consumer goods SMEs",https://www.kci.go.kr/kciportal/ci/sereArticleSearch/ciSereArtiView.kci?sereArticleSearchBean.artiId=ART002360139,정소원 /So Won Jeong,: 한국벤처창업학회,"양희순 /Yang, Heesoon, 정재은 /CHUNG， JAE EUN",153-165,0,벤처창업연구
552,"Determinants of U.S. Buyer Loyalty toward Gobizkorea.com: A Study Focused on Country Image, E-Service Quality, and Satisfaction
미국 바이어의 고비즈코리아에 대한 충성도 결정요인: 국가이미지, 서비스 품질 및 만족도를 중심으로",https://www.kci.go.kr/kciportal/ci/sereArticleSearch/ciSereArtiView.kci?sereArticleSearchBean.artiId=ART002398851,정소원 /So Won Jeong,: 한국무역학회,"정재은 /CHUNG， JAE EUN, 오정석",203-232,0,무역학회지
553,0,0,0,0,0,0,0,0
554,0,0,0,0,0,0,0,0
555,0,0,0,0,0,0,0,0
556,0,0,0,0,0,0,0,0
557,0,0,0,0,0,0,0,0
558,0,0,0,0,0,0,0,0
559,0,0,0,0,0,0,0,0
560,0,0,0,0,0,0,0,0
561,0,0,0,0,0,0,0,0
562,0,0,0,0,0,0,0,0
563,0,0,0,0,0,0,0,0
564,0,0,0,0,0,0,0,0
565,0,0,0,0,0,0,0,0
566,"뮤지엄 공간큐레이팅에서의 전통성 표현 연구
A Study on Tradition Expression in Museum Space Curating",https://www.kci.go.kr/kciportal/ci/sereArticleSearch/ciSereArtiView.kci?sereArticleSearchBean.artiId=ART002501163,"최미옥 /Choi, Cindy Miok",: 한국문화공간건축학회,"최미옥 /Choi, Cindy Miok",1-8,0,한국문화공간건축학회논문집
567,"플라톤 코라(Chora)개념을 적용한 전시공간 사례연구 - 국립민속박물관 ‘군주가 꿈꾸는 세상’ 특별전 공간큐레이팅을 중심으로 -
A Case Study on the Exhibition Space with the Concept Chora of Platon - Focused on Space-curating of Special exhibition, ‘The World Dreamed by the Rulers’ in National Folk Museum of Korea-",https://www.kci.go.kr/kciportal/ci/sereArticleSearch/ciSereArtiView.kci?sereArticleSearchBean.artiId=ART002564808,"최미옥 /Choi, Cindy Miok",: 한국문화공간건축학회,"최미옥 /Choi, Cindy Miok",13-20,0,한국문화공간건축학회논문집
568,"문화담론의 장으로서 뮤지엄 전시를 위한 공간큐레이팅- 스토리텔링 관점에서 의미를 함의하는 전시디자인을 중심으로 -
A Study on the Space Curating for Museum Exhibition as Place of Discourse - Focusing on Exhibition Design Implying the Meaning in Aspect of Story–Telling -",https://www.kci.go.kr/kciportal/ci/sereArticleSearch/ciSereArtiView.kci?sereArticleSearchBean.artiId=ART002380855,"최미옥 /Choi, Mi-ok",: 한국문화공간건축학회,"최미옥 /Choi, Mi-ok",15-22,0,한국문화공간건축학회논문집
569,0,0,0,0,0,0,0,0
570,"공간큐레이팅을 통한 콘텐츠의 공간화 사례 연구- 국립민속박물관 ‘수제화 장인’ 특별전‘을 중심으로 -
A case study of Spatial of contents through 'Space-curating'- Focusing on the special exhibition, ‘Beyond Generations-Handmade Shoemaker’ of The National Folk Museum of Korea-",https://www.kci.go.kr/kciportal/ci/sereArticleSearch/ciSereArtiView.kci?sereArticleSearchBean.artiId=ART002429532,최미옥 /Mioak Choi,: 대한전시디자인학회,최미옥 /Mioak Choi,31-40,0,전시디자인연구
571,0,0,0,0,0,0,0,0
572,0,0,0,0,0,0,0,0
573,0,0,0,0,0,0,0,0
574,0,0,0,0,0,0,0,0
575,0,0,0,0,0,0,0,0
576,0,0,0,0,0,0,0,0
577,0,0,0,0,0,0,0,0
578,0,0,0,0,0,0,0,0
579,0,0,0,0,0,0,0,0
580,"모바일 헬스케어 앱의 지속적 수용에 관한 연구: 인지된 용이성의 확장을 중심으로
Factors influencing intention to continuous use of mobile healthcare apps: The breakdown of perceived ease of use",https://www.kci.go.kr/kciportal/ci/sereArticleSearch/ciSereArtiView.kci?sereArticleSearchBean.artiId=ART002482693,노기영 /Ghee Young Noh,: 사이버커뮤니케이션학회,"정재선 /Jae Seon Jeong, 박정민",81-118,0,사이버커뮤니케이션학보
581,"공포 소구에 의한 광고가 광고 태도에 미치는 영향: 분노, 사회규범, 효능감의 조절 효과를 중심으로
Factors Influencing Attitude toward Fear-Based Campaign: The Moderating Role of Anger, Social Norms, and Efficacies",https://www.kci.go.kr/kciportal/ci/sereArticleSearch/ciSereArtiView.kci?sereArticleSearchBean.artiId=ART002477337,정재선 /Jae Seon Jeong,: 한국PR학회,정재선 /Jae Seon Jeong,60-83,0,홍보학연구
582,"모바일 헬스케어 앱의 지속사용의도에 미치는 심리적 요인의 영향 연구
Psychological Factors Influencing Continuous Use of Mobile Healthcare Applications",https://www.kci.go.kr/kciportal/ci/sereArticleSearch/ciSereArtiView.kci?sereArticleSearchBean.artiId=ART002246462,정재선 /Jae Seon Jeong,: 한국디지털정책학회,"이이삭 /Lee-Sac Lee, 이상현 /Sang-Hyun Lee, 노기영 /Ghee Young Noh",445-456,0,디지털융복합연구
583,"노인들의 사회적 지지가 온라인 건강정보행동에 미치는 영향: 임파워먼트의 매개효과와 헬스 리터러시의 조절효과를 중심으로
Social support and health-related online activities among older adults: Assessing the mediating role of empowerment and the moderating role of health literacy",https://www.kci.go.kr/kciportal/ci/sereArticleSearch/ciSereArtiView.kci?sereArticleSearchBean.artiId=ART002511001,정재선 /Jae Seon Jeong,: 한국방송학회,안순태 /Soontae An,163-190,0,한국방송학보
584,"노인들의 건강 정보 수용: 임파워먼트의 역할
Acceptance of Health Information by Elders: The Role of Empowerment",https://www.kci.go.kr/kciportal/ci/sereArticleSearch/ciSereArtiView.kci?sereArticleSearchBean.artiId=ART002522405,정재선,: 한국광고홍보학회,안순태 /Soontae An,273-299,0,한국광고홍보학보
585,"장노년층의 사회 위험 인식에 영향을 미치는 요인 연구 : 미디어 환경, 고령사회 환경, 사회자본의 영향과 연령대의 조절효과
A Study on the Factors that Affect the Perception of Risk Among Middle-Aged and Older Adults : The Effect of Media Environment, Age-Friendly Environment, and Social Capital, and the Moderating Role of Age",https://www.kci.go.kr/kciportal/ci/sereArticleSearch/ciSereArtiView.kci?sereArticleSearchBean.artiId=ART002519575,정재선 /Jae Seon Jeong,: 한국방송학회,"안순태 /Soontae An, 정순둘 /Soondool Chung",40-77,0,방송통신연구
586,0,0,0,0,0,0,0,0
587,0,0,0,0,0,0,0,0
588,0,0,0,0,0,0,0,0
589,0,0,0,0,0,0,0,0
590,0,0,0,0,0,0,0,0
591,0,0,0,0,0,0,0,0
592,0,0,0,0,0,0,0,0
593,0,0,0,0,0,0,0,0
594,0,0,0,0,0,0,0,0
595,0,0,0,0,0,0,0,0
596,0,0,0,0,0,0,0,0
597,0,0,0,0,0,0,0,0
598,0,0,0,0,0,0,0,0
599,0,0,0,0,0,0,0,0
600,"손가락 움직임 인식을 위한 웨어러블 디바이스 설계 및 ML 기법별 성능 분석
Design and Performance Analysis of ML Techniques for Finger Motion Recognition",https://www.kci.go.kr/kciportal/ci/sereArticleSearch/ciSereArtiView.kci?sereArticleSearchBean.artiId=ART002583469,이형규 /Hyung-Gyu Lee,: 한국산업정보학회,정우순 /Woosoon Jung,129-136,0,한국산업정보학회논문지
601,"낮은 쓰기 성능을 갖는 비휘발성 메인 메모리 시스템을 위한 성능 및 에너지 최적화 기법
Performance and Energy Optimization for Low-Write Performance Non-volatile Main Memory Systems",https://www.kci.go.kr/kciportal/ci/sereArticleSearch/ciSereArtiView.kci?sereArticleSearchBean.artiId=ART002400134,이형규 /Hyung-Gyu Lee,: 대한임베디드공학회,정우순 /Woosoon Jung,245-252,0,대한임베디드공학회논문지
602,"무인운반차(AGV)의 주행경로 및 위치인식을 위한 라인스캔카메라를 이용한 패턴인식 알고리즘 구현
Implementation of Pattern Recognition Algorithm Using Line Scan Camera for Recognition of Path and Location of AGV",https://www.kci.go.kr/kciportal/ci/sereArticleSearch/ciSereArtiView.kci?sereArticleSearchBean.artiId=ART002321615,이형규 /Hyung-Gyu Lee,: 한국산업정보학회,김수현 /Soo-Hyun Kim,13-21,0,한국산업정보학회논문지
603,"NVDIMM의 동작 특성 분석 및 개선 방안 연구
Characterization and Improvement of Non-Volatile Dual In-Line Memory Module",https://www.kci.go.kr/kciportal/ci/sereArticleSearch/ciSereArtiView.kci?sereArticleSearchBean.artiId=ART002238298,이형규 /Hyung-Gyu Lee,: 대한임베디드공학회,박재현 /Jaehyun Park,177-184,0,대한임베디드공학회논문지
604,0,0,0,0,0,0,0,0
605,Proactive Row Buffer Management for LPDDR2-NVM Devices,https://www.kci.go.kr/kciportal/ci/sereArticleSearch/ciSereArtiView.kci?sereArticleSearchBean.artiId=ART002533824,Hyung Gyu Lee,: 대한전자공학회,"Jaehyun Park, Donghwa Shin",527-539,0,JOURNAL OF SEMICONDUCTOR TECHNOLOGY AND SCIENCE
606,0,0,0,0,0,0,0,0
607,0,0,0,0,0,0,0,0
608,0,0,0,0,0,0,0,0
609,0,0,0,0,0,0,0,0
610,0,0,0,0,0,0,0,0
611,"계급 정체성 형성 작업과 계급불평등의 재생산: 대형로펌 법률비서의 질적 연구
Class Work and the Reproduction of Class Inequality: A Qualitative Study of Legal Secretaries in Elite Law Firms",https://www.kci.go.kr/kciportal/ci/sereArticleSearch/ciSereArtiView.kci?sereArticleSearchBean.artiId=ART002590053,양경욱 /Yang Kyung-Wook,: 한국인사조직학회,양경욱 /Yang Kyung-Wook,67-99,0,인사조직연구
612,"제도 혁신가의 양면적 담론전략: 청년유니온의 사례연구
Ambivalent Discursive Strategies of Institutional Entrepreneur: A Case Study of the Youth Community Union",https://www.kci.go.kr/kciportal/ci/sereArticleSearch/ciSereArtiView.kci?sereArticleSearchBean.artiId=ART002526384,양경욱 /Yang Kyung-Wook,: 한국인사조직학회,양경욱 /Yang Kyung-Wook,49-81,0,인사조직연구
613,"커뮤니티유니온의 다양성: 청년유니온과 아르바이트노동조합의 비교연구
Varieties of Community Unionism: A Comparison between the Youth Community Union and the Arbeit Workers’ Union in South Korea",https://www.kci.go.kr/kciportal/ci/sereArticleSearch/ciSereArtiView.kci?sereArticleSearchBean.artiId=ART002360199,채연주 /Chae Yeon Joo,: 한국산업노동학회,양경욱 /Yang Kyung-Wook,95-136,0,산업노동연구
614,"감정노동전략의 장단기 효과 비교연구: 감정소진과 자아 비진정성을 중심으로
The Differential Effects of Surface and Deep Acting on the Psychological Well-Being: Exploring the Time-Dependent Effects",https://www.kci.go.kr/kciportal/ci/sereArticleSearch/ciSereArtiView.kci?sereArticleSearchBean.artiId=ART002442009,양경욱 /Yang Kyung-Wook,: 연세대학교 경영연구소,채연주 /Yeon Joo Chae,57-84,0,연세경영연구
615,0,0,0,0,0,0,0,0
616,0,0,0,0,0,0,0,0
617,0,0,0,0,0,0,0,0
618,0,0,0,0,0,0,0,0
619,0,0,0,0,0,0,0,0
620,0,0,0,0,0,0,0,0
621,0,0,0,0,0,0,0,0
622,0,0,0,0,0,0,0,0
623,0,0,0,0,0,0,0,0
624,0,0,0,0,0,0,0,0
625,0,0,0,0,0,0,0,0
626,0,0,0,0,0,0,0,0
627,0,0,0,0,0,0,0,0
628,"B2B 고객추천콘텐츠가 지각된 구매위험에 미치는 영향:트랜스포테이션과 콘텐츠 신뢰성의 매개효과를 중심으로
How Business Reference Content affects B2B Purchase Risk?:The Mediating Role of Transportation and Content Credibility",https://www.kci.go.kr/kciportal/ci/sereArticleSearch/ciSereArtiView.kci?sereArticleSearchBean.artiId=ART002518080,김영찬 /Youngchan Kim,: 한국유통학회,"정창모, 원지영, 이한근 /Lee Hangeun",51-75,0,유통연구
629,"일의 의미가 소비가치에 미치는 영향: 사무직 종사자의 노동, 경력, 소명 지향을 중심으로
Effect of Meaning of Life on Consumption Values",https://www.kci.go.kr/kciportal/ci/sereArticleSearch/ciSereArtiView.kci?sereArticleSearchBean.artiId=ART002576862,정창모 /Jung， Chang Mo,: 대한경영학회,"원지영 /Won, Jie Young",529-551,0,대한경영학회지
630,"뮤지컬 관람객의 사전지식이 관람만족 및 구전의향에 미치는 영향 -트랜스포테이션의 조절된 매개효과를 중심으로-
Musical Prior Knowledge, Audience Satisfaction and Word-of-Mouth: A Moderated-Mediation Analysis",https://www.kci.go.kr/kciportal/ci/sereArticleSearch/ciSereArtiView.kci?sereArticleSearchBean.artiId=ART002594140,정창모 /Jung， Chang Mo,: 한국예술경영학회,"원지영 /Won, Ji Yong",59-93,0,예술경영연구
631,0,0,0,0,0,0,0,0
632,0,0,0,0,0,0,0,0
633,0,0,0,0,0,0,0,0
634,0,0,0,0,0,0,0,0
635,0,0,0,0,0,0,0,0
636,0,0,0,0,0,0,0,0
637,0,0,0,0,0,0,0,0
638,0,0,0,0,0,0,0,0
639,0,0,0,0,0,0,0,0
640,0,0,0,0,0,0,0,0
641,0,0,0,0,0,0,0,0
642,0,0,0,0,0,0,0,0
643,Construction of neurospheroids via surface modified concave microwells,https://www.kci.go.kr/kciportal/ci/sereArticleSearch/ciSereArtiView.kci?sereArticleSearchBean.artiId=ART002356103,"김명기 /MYUNG-KI KIM, 김동휘 /Kim, Donghwee",: 한국공업화학회,"['이건희 /GeonHui Lee 1', '임재호 2', '박지수 /JiSoo Park 3', '이원석 /Wonseok Lee 4', '윤대성 /Dae Sung Yoon 5', '김수현 /Soo Hyun Kim 6', '김명기 /MYUNG-KI KIM (교신)7', '이상훈 /Lee Sang Hoon 8', '김동휘 /Kim, Donghwee (교신)9']",341-351,0,Journal of Industrial and Engineering Chemistry
644,0,0,0,0,0,0,0,0
645,0,0,0,0,0,0,0,0
646,0,0,0,0,0,0,0,0
647,"디지털 시네마의 물질적 특성에 대한 미학적 고찰
An Aesthetic Study on the Material Traits of Digital Cinema",https://www.kci.go.kr/kciportal/ci/sereArticleSearch/ciSereArtiView.kci?sereArticleSearchBean.artiId=ART002524501,"정헌 /Jeong, Heon",: 한양대학교 현대영화연구소,"정헌 /Jeong, Heon",29-44,0,현대영화연구
648,"디지털 하이브리드 이미지 존재론에 관한 연구
A Study on the Aesthetic Ontology of Digital Hybrid Image",https://www.kci.go.kr/kciportal/ci/sereArticleSearch/ciSereArtiView.kci?sereArticleSearchBean.artiId=ART002434137,"정헌 /Jeong, Heon",: 한국콘텐츠학회,"정헌 /Jeong, Heon",117-124,0,한국콘텐츠학회 논문지
649,"들뢰즈의 시간-이미지와 디지털 미학
Deleuze’s Time-Image and Digital Aesthetics",https://www.kci.go.kr/kciportal/ci/sereArticleSearch/ciSereArtiView.kci?sereArticleSearchBean.artiId=ART002405343,"정헌 /Jeong, Heon",: 한양대학교 현대영화연구소,"정헌 /Jeong, Heon",141-167,0,현대영화연구
650,0,0,0,0,0,0,0,0
651,0,0,0,0,0,0,0,0
652,0,0,0,0,0,0,0,0
653,0,0,0,0,0,0,0,0
654,0,0,0,0,0,0,0,0
655,0,0,0,0,0,0,0,0
656,0,0,0,0,0,0,0,0
657,0,0,0,0,0,0,0,0
658,0,0,0,0,0,0,0,0
659,0,0,0,0,0,0,0,0
660,0,0,0,0,0,0,0,0
661,0,0,0,0,0,0,0,0
662,0,0,0,0,0,0,0,0
663,0,0,0,0,0,0,0,0
664,0,0,0,0,0,0,0,0
665,0,0,0,0,0,0,0,0
666,"AR 초기 이용자들의 속성이 AR콘텐츠 채택과 이용에 미치는 영향에 관한 탐색적 연구 -AR콘텐츠 이용자들의 이용 인식과 이용 경험을 중심으로
An Exploratory Study on The Effects of Early AR Users' Attributes on AR Contents Adoption and Usage -Focusing on AR Contents Users’ Perception and Experience",https://www.kci.go.kr/kciportal/ci/sereArticleSearch/ciSereArtiView.kci?sereArticleSearchBean.artiId=ART002583552,김기윤 /Kiyoon Kim,: 한국콘텐츠학회,김기윤 /Kiyoon Kim,38-48,0,한국콘텐츠학회 논문지
667,"증강현실 서비스의 지각된 특성이 만족감과 이용의도에 미치는 영향에 관한 연구
A Study on the Impact of Perceived Characteristics of Augmented Reality(AR) Services on User Satisfaction and Intention to Use",https://www.kci.go.kr/kciportal/ci/sereArticleSearch/ciSereArtiView.kci?sereArticleSearchBean.artiId=ART002583112,정욱 /Uk Jung,: 글로벌경영학회,"김기윤 /Kim, Ki-Yoon",187-211,0,글로벌경영학회지
668,"멀티코어 시스템을 위한 어플리케이션 특성 기반 분리 스케줄링
Application Characteristic-based Divided Scheduling for Multicore Systems",https://www.kci.go.kr/kciportal/ci/sereArticleSearch/ciSereArtiView.kci?sereArticleSearchBean.artiId=ART002235382,김재호 /Jaeho Kim,: 한국컴퓨터정보학회,박정규 /Jung Kyu Park,9-16,0,한국컴퓨터정보학회논문지
669,0,0,0,0,0,0,0,0
670,0,0,0,0,0,0,0,0
671,0,0,0,0,0,0,0,0
672,0,0,0,0,0,0,0,0
673,0,0,0,0,0,0,0,0
674,0,0,0,0,0,0,0,0
675,0,0,0,0,0,0,0,0
676,"바이너리 시각화와 기계학습을 이용한 악성코드 분류
Malware Classification Using Machine Learning and Binary Visualization",https://www.kci.go.kr/kciportal/ci/sereArticleSearch/ciSereArtiView.kci?sereArticleSearchBean.artiId=ART002336609,임을규 /Eul Gyu Im,: 한국정보과학회,"김태근 /KIM TAE GUEN, 지환태",198-203,0,정보과학회 컴퓨팅의 실제 논문지
677,0,0,0,0,0,0,0,0
678,0,0,0,0,0,0,0,0
679,0,0,0,0,0,0,0,0
680,0,0,0,0,0,0,0,0
681,0,0,0,0,0,0,0,0
682,0,0,0,0,0,0,0,0
683,"스캐폴딩이 창의적 협업 성과에 미치는 영향 – 바운더리 오브젝트의 매개효과를 중심으로 -
The Effect of Scaffolding on Creative Collaborative Performance - Focusing on the Mediating Effects of Boundary Objects -",https://www.kci.go.kr/kciportal/ci/sereArticleSearch/ciSereArtiView.kci?sereArticleSearchBean.artiId=ART002554668,나윤빈 /NA YUN BIN,: 한국콘텐츠학회,"신현선 /SHIN HYUN SUN, 김효근 /KYMHYOGUN",1-15,0,한국콘텐츠학회 논문지
684,"SNS 광고속성이 구매의도 및 브랜드 태도에 미치는 영향 – 설득지식의 조절효과를 중심으로 -
A Study on the Influence of SNS Advertisement Attributes on Purchase Intention and Brand Attitude - Focusing on the Moderating Effects of Persuasion Knowledge -",https://www.kci.go.kr/kciportal/ci/sereArticleSearch/ciSereArtiView.kci?sereArticleSearchBean.artiId=ART002499053,나윤빈 /NA YUN BIN,: 한국콘텐츠학회,나윤빈 /NA YUN BIN,58-68,0,한국콘텐츠학회 논문지
685,"웹툰의 매체변환 과정에서의 협업체계 연구
A Study on the Collaboration System through Media Conversion Process of Webtoons",https://www.kci.go.kr/kciportal/ci/sereArticleSearch/ciSereArtiView.kci?sereArticleSearchBean.artiId=ART002463007,나윤빈 /NA YUN BIN,: 한국콘텐츠학회,이승형,227-240,0,한국콘텐츠학회 논문지
686,0,0,0,0,0,0,0,0
687,0,0,0,0,0,0,0,0
688,0,0,0,0,0,0,0,0
689,0,0,0,0,0,0,0,0
690,0,0,0,0,0,0,0,0
691,0,0,0,0,0,0,0,0
692,0,0,0,0,0,0,0,0
693,0,0,0,0,0,0,0,0
694,0,0,0,0,0,0,0,0
695,0,0,0,0,0,0,0,0
696,0,0,0,0,0,0,0,0
697,0,0,0,0,0,0,0,0
698,0,0,0,0,0,0,0,0
699,0,0,0,0,0,0,0,0
700,0,0,0,0,0,0,0,0
701,0,0,0,0,0,0,0,0
702,"The Effect of Innovation Constraints on Search Strategies in the Service Industry
서비스업에서 혁신 저해요인이 정보탐색전략에 미치는 영향에 관한 연구",https://www.kci.go.kr/kciportal/ci/sereArticleSearch/ciSereArtiView.kci?sereArticleSearchBean.artiId=ART002321109,양홍석 /Hongsuk Yang,: 한국생산관리학회,"신재호 /Jae Ho Shin, 문성욱 /Seongwuk Moon",37-54,0,한국생산관리학회지
703,0,0,0,0,0,0,0,0
704,0,0,0,0,0,0,0,0
705,0,0,0,0,0,0,0,0
